"http://scontent.cdninstagram.com/hphotos-xaf1/t51.2885-15/s306x306/e15/11049139_632450070189489_518601634_n.jpg","936536259164055310_1025079040"
"http://scontent.cdninstagram.com/hphotos-xaf1/t51.2885-15/s306x306/e15/10986237_1605809782984102_2307552_n.jpg","928239482840408544_335558191"
"http://scontent.cdninstagram.com/hphotos-xaf1/t51.2885-15/s306x306/e15/10986331_1575238829382084_467466885_n.jpg","917278353402591827_450993549"
"http://scontent.cdninstagram.com/hphotos-xfa1/t51.2885-15/s306x306/e15/10954220_874491859260862_2116127723_n.jpg","907369948833413648_1567101309"
"http://scontent.cdninstagram.com/hphotos-xfp1/t51.2885-15/s306x306/e15/10349604_324975027695393_1809619482_n.jpg","882115745515741947_1183969007"
"http://scontent.cdninstagram.com/hphotos-xaf1/t51.2885-15/s306x306/e15/10844187_1518091981796685_1589829616_n.jpg","881723318739879374_1587677768"
"http://scontent.cdninstagram.com/hphotos-xpa1/t51.2885-15/s306x306/e15/10787876_814624061923270_32703101_n.jpg","848347706219733823_1183969007"
"http://scontent.cdninstagram.com/hphotos-xfa1/t51.2885-15/s306x306/e15/10735186_323734731144750_61438586_n.jpg","843917648760771767_215551124"
"http://scontent.cdninstagram.com/hphotos-xpa1/t51.2885-15/s306x306/e15/10723811_698404633576862_1880673499_n.jpg","837323804399208670_246933169"
"http://scontent.cdninstagram.com/hphotos-xpa1/t51.2885-15/s306x306/e15/10731526_306637479540198_2014116640_n.jpg","830136584181483606_246933169"
"http://scontent.cdninstagram.com/hphotos-xpf1/t51.2885-15/s306x306/e15/10632245_627277577390969_1987728494_n.jpg","808380179813525435_575204120"
"http://scontent.cdninstagram.com/hphotos-xap1/t51.2885-15/s306x306/e15/10684240_1461966257417521_1974861627_n.jpg","806341258423424219_38346140"
"http://scontent.cdninstagram.com/hphotos-xpf1/t51.2885-15/s306x306/e15/10570159_810748758959823_837539331_n.jpg","785863916892161408_535347528"
"http://scontent.cdninstagram.com/hphotos-xaf1/t51.2885-15/s306x306/e15/10593354_730445510325768_1925581527_n.jpg","785015833725505933_209839355"
"http://scontent.cdninstagram.com/hphotos-xaf1/t51.2885-15/s306x306/e15/10499262_1464748367116375_439712049_n.jpg","783699889389594409_1445571304"
"http://scontent.cdninstagram.com/hphotos-xap1/t51.2885-15/s306x306/e15/10467945_668268499893304_367010005_n.jpg","751153377449400215_283978380"
"http://scontent.cdninstagram.com/hphotos-xap1/t51.2885-15/s306x306/e15/928470_443356412431718_304439965_n.jpg","645076662833989575_251231872"
"http://scontent.cdninstagram.com/hphotos-xpf1/t51.2885-15/s306x306/e15/10467794_653538554733747_794361518_n.jpg","750133618994848273_548239359"
"http://scontent.cdninstagram.com/hphotos-xfp1/t51.2885-15/s306x306/e15/10448957_1501308720081306_212895958_n.jpg","738509662000181686_1022018515"
"http://scontent.cdninstagram.com/hphotos-xpa1/t51.2885-15/s306x306/e15/10424570_648391258562841_898562773_n.jpg","737865350249902690_1022018515"
"http://scontent.cdninstagram.com/hphotos-xpa1/t51.2885-15/s306x306/e15/924382_753499648034408_2003153718_n.jpg","719797755400836947_287749756"
"http://scontent.cdninstagram.com/hphotos-xaf1/l/t51.2885-15/s306x306/e15/10401774_664231930332250_520040021_n.jpg","732063345449541810_1201981703"
"http://scontent.cdninstagram.com/hphotos-xpf1/t51.2885-15/s306x306/e15/10375844_1419768134967299_36083991_n.jpg","730684286924661656_1201981703"
"http://scontent.cdninstagram.com/hphotos-xfa1/t51.2885-15/s306x306/e15/10375773_698785036850046_1515198107_n.jpg","728481395027622550_420461677"
"http://scontent.cdninstagram.com/hphotos-xpa1/t51.2885-15/s306x306/e15/10362153_647823845286560_2144350213_n.jpg","727039307449934709_194449903"
"http://scontent.cdninstagram.com/hphotos-xfp1/t51.2885-15/s306x306/e15/10362102_1436058973315986_2123906983_n.jpg","726049022409243033_174028645"
"http://scontent.cdninstagram.com/hphotos-xpf1/t51.2885-15/s306x306/e15/10362298_295107023984343_819469902_n.jpg","720151054049584894_393669072"
"http://scontent.cdninstagram.com/hphotos-xpa1/t51.2885-15/s306x306/e15/10311130_549803585140678_2095678136_n.jpg","718891015272980180_459681078"
"http://scontent.cdninstagram.com/hphotos-xpa1/t51.2885-15/s306x306/e15/10299743_618134718282024_256042377_n.jpg","714647853546766231_306952462"
"http://scontent.cdninstagram.com/hphotos-xap1/t51.2885-15/s306x306/e15/926898_678247778909598_1478275528_n.jpg","713077583104091156_260898496"
"http://scontent.cdninstagram.com/hphotos-xfp1/t51.2885-15/s306x306/e15/10254319_845208332173666_2146274559_n.jpg","711536993113907542_1201981703"
"http://scontent.cdninstagram.com/hphotos-xpa1/t51.2885-15/s306x306/e15/926731_634897479923129_646261895_n.jpg","710938997619859929_1201981703"
"http://scontent.cdninstagram.com/hphotos-xfp1/t51.2885-15/s306x306/e15/10254189_1386588628293869_1130552249_n.jpg","710932274847478870_8262364"
"http://scontent.cdninstagram.com/hphotos-xap1/t51.2885-15/s306x306/e15/10249381_1379681262318678_530875796_n.jpg","710776946264023758_1201981703"
"http://scontent.cdninstagram.com/hphotos-xpf1/t51.2885-15/s306x306/e15/10249358_1486351361576841_1961160624_n.jpg","705395681917034102_481344246"
"http://scontent.cdninstagram.com/hphotos-xap1/l/t51.2885-15/s306x306/e15/10296964_757797580920221_1831592260_n.jpg","704520089063130962_362888840"
"http://scontent.cdninstagram.com/hphotos-xaf1/t51.2885-15/s306x306/e15/914343_1494674804085303_24563602_n.jpg","703152039478994855_13038880"
"http://scontent.cdninstagram.com/hphotos-xaf1/t51.2885-15/s306x306/e15/10249296_490007544458915_319075103_n.jpg","702850336008372585_1125850703"
"http://scontent.cdninstagram.com/hphotos-xpf1/t51.2885-15/s306x306/e15/10175273_693206534071619_1178302922_n.jpg","702835217933311358_1256320806"
"http://scontent.cdninstagram.com/hphotos-xpa1/t51.2885-15/s306x306/e15/10246202_1491638544392805_1967325427_n.jpg","701545300828695785_30728914"
