"http://scontent.cdninstagram.com/hphotos-xaf1/t51.2885-15/s306x306/e15/10979638_1385642358422440_621665723_n.jpg","942958715648330884_1372916266"
"http://scontent.cdninstagram.com/hphotos-xfa1/t51.2885-15/s306x306/e15/11024135_1426452697648336_254996251_n.jpg","942946115115059790_1074144385"
"http://scontent.cdninstagram.com/hphotos-xaf1/t51.2885-15/s306x306/e15/11022801_997146820295445_194854648_n.jpg","942883530106719395_1372916266"
"http://scontent.cdninstagram.com/hphotos-xaf1/t51.2885-15/s306x306/e15/11033037_1418156815154786_429344804_n.jpg","942714058498625508_1372916266"
"http://scontent.cdninstagram.com/hphotos-xaf1/t51.2885-15/s306x306/e15/11018502_338199153043710_844970385_n.jpg","942087736722181635_1372916266"
"http://scontent.cdninstagram.com/hphotos-xaf1/t51.2885-15/s306x306/e15/11005117_796844017063902_358504553_n.jpg","939418697000537928_1372916266"
"http://scontent.cdninstagram.com/hphotos-xaf1/t51.2885-15/s306x306/e15/11008153_751851164931962_1111748565_n.jpg","939310662042278160_34704373"
"http://scontent.cdninstagram.com/hphotos-xpa1/t51.2885-15/s306x306/e15/10520240_806753156026504_848772663_n.jpg","939097170878376026_352609585"
"http://scontent.cdninstagram.com/hphotos-xaf1/t51.2885-15/s306x306/e15/11055768_791738030905307_2044397284_n.jpg","939096976938749944_1372916266"
"http://scontent.cdninstagram.com/hphotos-xaf1/t51.2885-15/s306x306/e15/11032891_391832494311499_895414072_n.jpg","938981792895148537_717191223"
"http://scontent.cdninstagram.com/hphotos-xaf1/t51.2885-15/s306x306/e15/11018568_1561172404166071_2017475823_n.jpg","938975745849631159_717191223"
"http://scontent.cdninstagram.com/hphotos-xaf1/t51.2885-15/s306x306/e15/11005191_328596410673100_1959535907_n.jpg","938544746360355242_1206441933"
"http://scontent.cdninstagram.com/hphotos-xaf1/t51.2885-15/s306x306/e15/10954014_879394075417484_2104780852_n.jpg","937813923124824352_321209433"
"http://scontent.cdninstagram.com/hphotos-xaf1/t51.2885-15/s306x306/e15/11024103_1457259894563939_1435925357_n.jpg","937146057812004365_471300690"
"http://scontent.cdninstagram.com/hphotos-xfa1/t51.2885-15/s306x306/e15/11033024_1568744803368637_675889193_n.jpg","936959851233875617_201881604"
"http://scontent.cdninstagram.com/hphotos-xaf1/t51.2885-15/s306x306/e15/10838406_1067783763239004_1100660555_n.jpg","934892070828756049_1372916266"
