"https://scontent.cdninstagram.com/hphotos-xpf1/t51.2885-15/s320x320/e15/11189567_1653769764853606_1070158680_n.jpg","974802964417045587_1378051240"
"https://scontent.cdninstagram.com/hphotos-xpa1/t51.2885-15/s320x320/e15/11190803_824417760975726_1397486432_n.jpg","974799741305649149_1623612716"
"https://scontent.cdninstagram.com/hphotos-xpa1/t51.2885-15/s320x320/e15/11201692_844272562276532_1038295971_n.jpg","974727767054819204_1823095198"
"https://scontent.cdninstagram.com/hphotos-xpa1/t51.2885-15/s320x320/e15/11199623_752149641568692_1226441762_n.jpg","974706525114568858_358288427"
"https://scontent.cdninstagram.com/hphotos-xaf1/l/t51.2885-15/s320x320/e15/11205906_1578265665759453_757582070_n.jpg","974702146023284006_1320330470"
"https://scontent.cdninstagram.com/hphotos-xpa1/t51.2885-15/s320x320/e15/11201546_367429273450331_208343363_n.jpg","974701496602418451_1320330470"
"https://scontent.cdninstagram.com/hphotos-xpa1/t51.2885-15/s320x320/e15/11203208_468365463315494_343650558_n.jpg","974694600382077293_1503469341"
"https://scontent.cdninstagram.com/hphotos-xap1/t51.2885-15/s320x320/e15/11201772_1503824669877330_38850322_n.jpg","974657975953118827_461698060"
"https://scontent.cdninstagram.com/hphotos-xap1/t51.2885-15/s320x320/e15/11191368_1701239153436771_1420858578_n.jpg","974652832570677709_455208333"
"https://scontent.cdninstagram.com/hphotos-xpa1/t51.2885-15/s320x320/e15/11193206_296366817153607_1480291410_n.jpg","974650227068738908_334978046"
"https://scontent.cdninstagram.com/hphotos-xap1/t51.2885-15/s320x320/e15/11191392_347908515399487_626067138_n.jpg","974647920328774448_1359719419"
"https://scontent.cdninstagram.com/hphotos-xpa1/t51.2885-15/s320x320/e15/11195762_1635635903335418_1149814338_n.jpg","974646065983626478_334978046"
"https://scontent.cdninstagram.com/hphotos-xap1/t51.2885-15/s320x320/e15/11208327_372164846318105_344982641_n.jpg","974607611940319271_303941547"
"https://scontent.cdninstagram.com/hphotos-xfa1/t51.2885-15/s320x320/e15/11187082_1396076040717461_46533159_n.jpg","974600888881462438_1576915974"
"https://scontent.cdninstagram.com/hphotos-xpf1/t51.2885-15/s320x320/e15/11203322_378548705674300_1813553002_n.jpg","974559987699731566_2008442482"
"https://scontent.cdninstagram.com/hphotos-xpf1/t51.2885-15/s320x320/e15/11189302_871709656200725_2027623125_n.jpg","974533310467266226_461698060"
"https://scontent.cdninstagram.com/hphotos-xpt1/t51.2885-15/s320x320/e15/11191535_1822042711353213_1612262633_n.jpg","974517530386810538_806011584"
"https://scontent.cdninstagram.com/hphotos-xap1/t51.2885-15/s320x320/e15/11190984_834227926631741_185202831_n.jpg","974504282184585876_358288427"
"https://scontent.cdninstagram.com/hphotos-xaf1/t51.2885-15/s320x320/e15/11190750_414946022041075_445611059_n.jpg","974407774267194916_1483531230"
"https://scontent.cdninstagram.com/hphotos-xap1/t51.2885-15/s320x320/e15/11208256_832527403492569_921413176_n.jpg","974323831701327641_238169178"
"https://scontent.cdninstagram.com/hphotos-xpa1/t51.2885-15/s320x320/e15/11199610_362819857242309_517934812_n.jpg","974279812109370803_1671626856"
"https://scontent.cdninstagram.com/hphotos-xpa1/t51.2885-15/s320x320/e15/11208140_1447069112257271_1604437940_n.jpg","974264112034469390_278843700"
"https://scontent.cdninstagram.com/hphotos-xap1/t51.2885-15/s320x320/e15/11176534_294491370830653_1605379783_n.jpg","974256829705438813_1604381488"
"https://scontent.cdninstagram.com/hphotos-xap1/t51.2885-15/s320x320/e15/11190361_1620518148159849_520251400_n.jpg","974255036045273223_2000041865"
"https://scontent.cdninstagram.com/hphotos-xap1/t51.2885-15/s320x320/e15/11189460_563078653831927_1392091125_n.jpg","974240109593694675_1359719419"
"https://scontent.cdninstagram.com/hphotos-xpf1/t51.2885-15/s320x320/e15/11190682_859973120741178_1002193960_n.jpg","974215061803444711_48052121"
"https://scontent.cdninstagram.com/hphotos-xtp1/t51.2885-15/s320x320/e15/11189691_1622662131305207_566283940_n.jpg","974213402806358947_1265763235"
"https://scontent.cdninstagram.com/hphotos-xap1/t51.2885-15/s320x320/e15/11186934_1598979033704425_808421829_n.jpg","974211053174056186_1299708256"
"https://scontent.cdninstagram.com/hphotos-xpt1/t51.2885-15/s320x320/e15/11192696_540349072771325_2026618286_n.jpg","974204167225243357_1623612716"
"https://scontent.cdninstagram.com/hphotos-xpa1/t51.2885-15/s320x320/e15/11190730_1639410936277483_1802185076_n.jpg","974202416598951010_1728418400"
"https://scontent.cdninstagram.com/hphotos-xfp1/t51.2885-15/s320x320/e15/11195868_1597127757200533_1288200298_n.jpg","974197147193328758_38507576"
"https://scontent.cdninstagram.com/hphotos-xap1/t51.2885-15/s320x320/e15/11184483_1436334376663201_1494140547_n.jpg","974171633578669517_1586048580"
"https://scontent.cdninstagram.com/hphotos-xap1/t51.2885-15/s320x320/e15/11201796_1652219481679404_987113808_n.jpg","974169609338621897_323101794"
"https://scontent.cdninstagram.com/hphotos-xap1/t51.2885-15/s320x320/e15/11208045_972465032805262_1887889830_n.jpg","974169189907654347_1378051240"
"https://scontent.cdninstagram.com/hphotos-xtp1/t51.2885-15/s320x320/e15/11208111_470027133150027_1283732567_n.jpg","974142816401994251_295457283"
"https://scontent.cdninstagram.com/hphotos-xpf1/t51.2885-15/s320x320/e15/11199515_674778515978470_899271202_n.jpg","974087507264828638_1623612716"
"https://scontent.cdninstagram.com/hphotos-xfa1/t51.2885-15/s320x320/e15/11203498_686437941501807_1861167587_n.jpg","974074177104369138_461698060"
"https://scontent.cdninstagram.com/hphotos-xtf1/t51.2885-15/s320x320/e15/11192815_782943078469107_1340595932_n.jpg","974058287359856050_323101794"
"https://scontent.cdninstagram.com/hphotos-xap1/t51.2885-15/s320x320/e15/11192580_1574107946210915_947560485_n.jpg","974041639352598131_525540830"
"https://scontent.cdninstagram.com/hphotos-xap1/t51.2885-15/s320x320/e15/11195709_1442279009417184_102295567_n.jpg","974038822541917749_525540830"
"https://scontent.cdninstagram.com/hphotos-xpa1/t51.2885-15/s320x320/e15/11208553_643062669157013_494072445_n.jpg","974034930918330473_358288427"
"https://scontent.cdninstagram.com/hphotos-xpa1/t51.2885-15/s320x320/e15/11201755_642746542536378_1088043410_n.jpg","973985957350903948_255901955"
"https://scontent.cdninstagram.com/hphotos-xpa1/t51.2885-15/s320x320/e15/11184688_266032460234031_1231116368_n.jpg","973973833482098593_278843700"
"https://scontent.cdninstagram.com/hphotos-xap1/t51.2885-15/s320x320/e15/11191008_609048495899035_1921664569_n.jpg","973965788269500255_461698060"
"https://scontent.cdninstagram.com/hphotos-xtp1/t51.2885-15/s320x320/e15/11176243_570385089731945_1120695158_n.jpg","973955026541920020_1289238886"
"https://scontent.cdninstagram.com/hphotos-xpa1/t51.2885-15/s320x320/e15/11205929_478215732347445_1202941605_n.jpg","973949466572032285_1613033393"
"https://scontent.cdninstagram.com/hphotos-xtp1/t51.2885-15/s320x320/e15/11208195_1573581472892377_1365355860_n.jpg","973942981087174556_334978046"
"https://scontent.cdninstagram.com/hphotos-xap1/t51.2885-15/s320x320/e15/11189269_1594646287449072_1328715197_n.jpg","973915537150912661_2000041865"
"https://scontent.cdninstagram.com/hphotos-xtf1/t51.2885-15/s320x320/e15/11192875_851492894916288_2053938634_n.jpg","973914975156119683_2000041865"
"https://scontent.cdninstagram.com/hphotos-xap1/t51.2885-15/s320x320/e15/11191239_1431790523803597_553031107_n.jpg","973913961745458517_252092152"
"https://scontent.cdninstagram.com/hphotos-xap1/t51.2885-15/s320x320/e15/11187102_887563027971289_1465430468_n.jpg","973910192600983584_2000041865"
"https://scontent.cdninstagram.com/hphotos-xfa1/t51.2885-15/s320x320/e15/11190052_1598531023761423_390397837_n.jpg","973888337642481333_1378051240"
"https://scontent.cdninstagram.com/hphotos-xap1/t51.2885-15/s320x320/e15/11176465_539970979474343_1662460230_n.jpg","973879977169589981_32105964"
"https://scontent.cdninstagram.com/hphotos-xap1/t51.2885-15/s320x320/e15/11205864_697746113670274_581851670_n.jpg","973875807454394247_1623612716"
"https://scontent.cdninstagram.com/hphotos-xpf1/t51.2885-15/s320x320/e15/11189381_946985601999332_1960486678_n.jpg","973874155150276445_1623612716"
"https://scontent.cdninstagram.com/hphotos-ash/t51.2885-15/s320x320/e15/11191318_1128415037172266_792402163_n.jpg","973869885407524577_1623612716"
"https://scontent.cdninstagram.com/hphotos-xap1/t51.2885-15/s320x320/e15/11190024_426995094138473_484779257_n.jpg","973865984635911891_1576915974"
"https://scontent.cdninstagram.com/hphotos-xap1/t51.2885-15/s320x320/e15/11191377_674693189322754_274049247_n.jpg","973854946866883220_1476949217"
