"https://scontent.cdninstagram.com/hphotos-xfa1/t51.2885-15/s320x320/e35/11326502_154079951595480_988753003_n.jpg","1059469333652283467_216764327"
"https://scontent.cdninstagram.com/hphotos-xaf1/t51.2885-15/s320x320/e35/11419180_397137473819243_416526179_n.jpg","1059469178861315401_375815056"
"https://scontent.cdninstagram.com/hphotos-xfa1/t51.2885-15/s320x320/e35/11363783_1060977280599880_83909500_n.jpg","1059468269243106735_1720655544"
"https://scontent.cdninstagram.com/hphotos-xaf1/t51.2885-15/s320x320/e35/11821132_157106867958737_1842292724_n.jpg","1059467408189035127_1199883459"
"https://scontent.cdninstagram.com/hphotos-xaf1/t51.2885-15/s320x320/e35/11881737_1484939185159414_678742933_n.jpg","1059465066188658866_1706741813"
"https://scontent.cdninstagram.com/hphotos-xfa1/t51.2885-15/s320x320/e35/11856845_855447297877200_1211225150_n.jpg","1059463189131245981_1762599429"
"https://scontent.cdninstagram.com/hphotos-xaf1/t51.2885-15/s320x320/e35/11350824_890640174352591_1890382782_n.jpg","1059463072333599191_1990836443"
"https://scontent.cdninstagram.com/hphotos-xaf1/t51.2885-15/s320x320/e35/11849079_1061527260531654_1201641741_n.jpg","1059462680234198517_7772336"
"https://scontent.cdninstagram.com/hphotos-xaf1/t51.2885-15/s320x320/e35/11899731_728797217266649_545545368_n.jpg","1059462430068111647_1630081341"
"https://scontent.cdninstagram.com/hphotos-xfa1/t51.2885-15/s320x320/e15/11856671_888088841228573_969739209_n.jpg","1059461021579359895_901176804"
"https://scontent.cdninstagram.com/hphotos-xaf1/t51.2885-15/s320x320/e35/11910169_967633603296286_1497014234_n.jpg","1059460354332872973_1481876971"
"https://scontent.cdninstagram.com/hphotos-xaf1/t51.2885-15/s320x320/e35/11375743_1008743372500107_194073481_n.jpg","1059459276516684258_285734411"
"https://scontent.cdninstagram.com/hphotos-xfa1/t51.2885-15/s320x320/e35/11821745_951277724933032_797027901_n.jpg","1059458676319759058_1015959009"
"https://scontent.cdninstagram.com/hphotos-xaf1/t51.2885-15/s320x320/e35/11909301_467441776768580_220379154_n.jpg","1059458154688663967_686991779"
"https://scontent.cdninstagram.com/hphotos-xfa1/t51.2885-15/s320x320/e35/11918051_1490636134581403_636571228_n.jpg","1059458117022721676_370235712"
"https://scontent.cdninstagram.com/hphotos-xaf1/t51.2885-15/s320x320/e35/11849937_402653629938813_1060668234_n.jpg","1059457822046093332_318616087"
"https://scontent.cdninstagram.com/hphotos-xaf1/t51.2885-15/s320x320/e35/11419150_1521216504836120_655776432_n.jpg","1059457104269176497_15613738"
"https://scontent.cdninstagram.com/hphotos-xaf1/t51.2885-15/s320x320/e35/11809963_1665854130297020_1916356504_n.jpg","1059456496104307449_1059919541"
"https://scontent.cdninstagram.com/hphotos-xaf1/t51.2885-15/s320x320/e35/11371123_1629688947293766_1409046581_n.jpg","1059456346274360136_1081533545"
"https://scontent.cdninstagram.com/hphotos-xaf1/t51.2885-15/s320x320/e35/11311579_874071272673234_574250726_n.jpg","1059455743208239481_1348252859"
"https://scontent.cdninstagram.com/hphotos-xaf1/t51.2885-15/s320x320/e35/11821183_866924763355310_573847471_n.jpg","1059454845240883591_1151077445"
"https://scontent.cdninstagram.com/hphotos-xfa1/t51.2885-15/s320x320/e35/11849030_120972471584325_1522772022_n.jpg","1059453821561776694_973961961"
"https://scontent.cdninstagram.com/hphotos-xfa1/t51.2885-15/s320x320/e35/11821877_1467703493556973_1874334409_n.jpg","1059453490075725143_1308385186"
"https://scontent.cdninstagram.com/hphotos-xfa1/t51.2885-15/s320x320/e35/11909288_734391286694176_1465329484_n.jpg","1059452797506642361_337357903"
"https://scontent.cdninstagram.com/hphotos-xfa1/t51.2885-15/s320x320/e35/11849234_856806067749481_139957580_n.jpg","1059450813045319612_1836461064"
"https://scontent.cdninstagram.com/hphotos-xaf1/t51.2885-15/s320x320/e35/11312542_1633086493620397_951527690_n.jpg","1059450285620915719_1615266978"
"https://scontent.cdninstagram.com/hphotos-xfa1/t51.2885-15/s320x320/e35/11930888_1628055520817437_587420528_n.jpg","1059450181378472023_560979701"
"https://scontent.cdninstagram.com/hphotos-xfa1/t51.2885-15/s320x320/e35/11887199_1485577431761855_1429166026_n.jpg","1059448260978249881_1383250227"
"https://scontent.cdninstagram.com/hphotos-xaf1/t51.2885-15/s320x320/e35/11909167_545667988914408_1074190159_n.jpg","1059448090424747038_1834238816"
"https://scontent.cdninstagram.com/hphotos-xfa1/t51.2885-15/s320x320/e15/11351507_1627936167485804_1136576357_n.jpg","1059447771313675030_1318018781"
"https://scontent.cdninstagram.com/hphotos-xaf1/t51.2885-15/s320x320/e35/11875278_1513678795590648_1648605829_n.jpg","1059446968465548724_1269754152"
"https://scontent.cdninstagram.com/hphotos-xfa1/t51.2885-15/s320x320/e35/11939276_1486676618310510_647689674_n.jpg","1059446806699340192_1963433867"
"https://scontent.cdninstagram.com/hphotos-xaf1/t51.2885-15/s320x320/e15/11909106_835183773245670_1302175446_n.jpg","1059443017506397715_1727803878"
"https://scontent.cdninstagram.com/hphotos-xaf1/t51.2885-15/s320x320/e35/11925715_742835805842089_1330040973_n.jpg","1059441246474465870_290590123"
"https://scontent.cdninstagram.com/hphotos-xfa1/t51.2885-15/s320x320/e35/11809637_888330984578733_241695265_n.jpg","1059440791979705272_2090895143"
"https://scontent.cdninstagram.com/hphotos-xaf1/t51.2885-15/s320x320/e35/11950740_1132116913469757_850947805_n.jpg","1059440569130270679_1432022414"
"https://scontent.cdninstagram.com/hphotos-xfa1/t51.2885-15/s320x320/e35/11918000_1886294188262709_2101365955_n.jpg","1059440149724704928_698072091"
"https://scontent.cdninstagram.com/hphotos-xfa1/t51.2885-15/s320x320/e35/11849009_1013987788668829_1424345887_n.jpg","1059437914446862440_378483045"
"https://scontent.cdninstagram.com/hphotos-xfa1/t51.2885-15/s320x320/e35/11910473_1632274380361565_1227615658_n.jpg","1059435065857361809_2102245336"
"https://scontent.cdninstagram.com/hphotos-xaf1/t51.2885-15/s320x320/e35/11950681_1022729071094541_652694207_n.jpg","1059434485201170890_189838515"
"https://scontent.cdninstagram.com/hphotos-xaf1/t51.2885-15/s320x320/e35/11248722_167893560209608_1991561185_n.jpg","1059433586353391534_305663472"
"https://scontent.cdninstagram.com/hphotos-xaf1/t51.2885-15/s320x320/e15/11909220_940488509358357_1813045001_n.jpg","1059432998402944294_1575907202"
"https://scontent.cdninstagram.com/hphotos-xaf1/t51.2885-15/s320x320/e35/11820537_1621921974729172_1633201009_n.jpg","1059432918167847980_1922294096"
"https://scontent.cdninstagram.com/hphotos-xaf1/t51.2885-15/s320x320/e15/11849820_1654880118089234_1844195830_n.jpg","1059432016979583750_2011618991"
"https://scontent.cdninstagram.com/hphotos-xfa1/t51.2885-15/s320x320/e35/11909375_1486070995024222_1309667937_n.jpg","1059430344035455207_174830051"
"https://scontent.cdninstagram.com/hphotos-xfa1/t51.2885-15/s320x320/e35/11848994_157593097910725_1274100060_n.jpg","1059429221166448939_1544739831"
"https://scontent.cdninstagram.com/hphotos-xfa1/t51.2885-15/s320x320/e35/11351576_1112960698732508_468872319_n.jpg","1059428570695778138_2124818630"
"https://scontent.cdninstagram.com/hphotos-xaf1/t51.2885-15/s320x320/e35/11849355_721294928014691_1020596718_n.jpg","1059427120104124033_1358548626"
"https://scontent.cdninstagram.com/hphotos-xaf1/t51.2885-15/s320x320/e35/11881617_979840135420520_1197307998_n.jpg","1059427056183276607_314993964"
"https://scontent.cdninstagram.com/hphotos-xaf1/t51.2885-15/s320x320/e35/11925853_1454655318176817_930853875_n.jpg","1059425494559229233_459803200"
"https://scontent.cdninstagram.com/hphotos-xaf1/t51.2885-15/s320x320/e35/11910427_393456107532134_2007634732_n.jpg","1059423657300648620_254105823"
"https://scontent.cdninstagram.com/hphotos-xaf1/t51.2885-15/s320x320/e35/11910027_889332227812623_385944618_n.jpg","1059423646950626959_1561312308"
"https://scontent.cdninstagram.com/hphotos-xaf1/t51.2885-15/s320x320/e35/11875366_1489474804702997_457129670_n.jpg","1059421834314204652_528781488"
"https://scontent.cdninstagram.com/hphotos-xaf1/t51.2885-15/s320x320/e35/11850138_1685983144967841_1313119866_n.jpg","1059419862497707505_314122768"
"https://scontent.cdninstagram.com/hphotos-xaf1/t51.2885-15/s320x320/e35/11252872_1629317567306928_2003403468_n.jpg","1059419247702342444_847305157"
"https://scontent.cdninstagram.com/hphotos-xfa1/l/t51.2885-15/s320x320/e35/11251097_907414349306360_126156151_n.jpg","1059417989739069373_1167950910"
"https://scontent.cdninstagram.com/hphotos-xfa1/t51.2885-15/s320x320/e35/11850194_1617696431838134_1478666574_n.jpg","1059417643088884239_617501547"
"https://scontent.cdninstagram.com/hphotos-xfa1/t51.2885-15/s320x320/e35/11934902_1467795466856829_960932214_n.jpg","1059416749855170895_975253543"
"https://scontent.cdninstagram.com/hphotos-xaf1/t51.2885-15/s320x320/e15/11355973_863381740411715_1176509539_n.jpg","1059416292169600812_1446300498"
"https://scontent.cdninstagram.com/hphotos-xfa1/t51.2885-15/s320x320/e35/11934782_485308611645287_1298337757_n.jpg","1059415612793209241_1558095687"
"https://scontent.cdninstagram.com/hphotos-xfa1/t51.2885-15/s320x320/e35/11925752_120373221644483_1520332052_n.jpg","1059415300084648009_222697609"
"https://scontent.cdninstagram.com/hphotos-xaf1/t51.2885-15/s320x320/e35/11374108_894196907312982_1591808882_n.jpg","1059415072333630989_638192306"
"https://scontent.cdninstagram.com/hphotos-xaf1/t51.2885-15/s320x320/e35/11849152_1628765054005170_364695331_n.jpg","1059414661972495504_38193458"
"https://scontent.cdninstagram.com/hphotos-xfa1/t51.2885-15/s320x320/e35/11363921_433292810207380_644492060_n.jpg","1059413923235839853_1501146230"
"https://scontent.cdninstagram.com/hphotos-xaf1/t51.2885-15/s320x320/e15/11820441_377496399126559_2020114213_n.jpg","1059413843942034620_2125114850"
"https://scontent.cdninstagram.com/hphotos-xaf1/t51.2885-15/s320x320/e35/11909322_1482439678735705_404768323_n.jpg","1059413382408240943_316698902"
"https://scontent.cdninstagram.com/hphotos-xfa1/l/t51.2885-15/s320x320/e15/11850098_113266882357812_428405670_n.jpg","1059412476166241466_1730610094"
"https://scontent.cdninstagram.com/hphotos-xaf1/t51.2885-15/s320x320/e15/11363704_496750267159944_459835206_n.jpg","1059412452589507290_1336603651"
"https://scontent.cdninstagram.com/hphotos-xaf1/t51.2885-15/s320x320/e35/11881746_474021612776531_269351863_n.jpg","1059412410477205235_333382196"
"https://scontent.cdninstagram.com/hphotos-xfa1/t51.2885-15/s320x320/e35/11248121_460251160821755_393537003_n.jpg","1059411716422758416_1422374347"
"https://scontent.cdninstagram.com/hphotos-xfa1/t51.2885-15/s320x320/e35/11939330_1622939047960499_77096887_n.jpg","1059411366891132822_398360932"
"https://scontent.cdninstagram.com/hphotos-xfa1/t51.2885-15/s320x320/e35/11375312_598892840250962_1181466982_n.jpg","1059408478655142192_2129929533"
"https://scontent.cdninstagram.com/hphotos-xaf1/t51.2885-15/e35/11809918_535771729907968_1774115102_n.jpg","1059407921614146010_2067970753"
"https://scontent.cdninstagram.com/hphotos-xpa1/t51.2885-15/s320x320/e15/11201567_937105686332229_302715070_n.jpg","1059407306522664516_1727803878"
"https://scontent.cdninstagram.com/hphotos-xfa1/t51.2885-15/s320x320/e15/11934836_401798970019911_1887390163_n.jpg","1059406731836903405_2125114850"
"https://scontent.cdninstagram.com/hphotos-xaf1/t51.2885-15/s320x320/e35/11906164_417995315068069_576902088_n.jpg","1059405376723372971_2142058857"
