"http://scontent-b.cdninstagram.com/hphotos-xfa1/t51.2885-15/s306x306/e15/10899398_543714059065036_1064790377_n.jpg","902133879033590352_752062331"
"http://scontent-a.cdninstagram.com/hphotos-xaf1/t51.2885-15/s306x306/e15/10895292_1400950386872354_1780568276_n.jpg","902085215269804648_1634174725"
"http://scontent-b.cdninstagram.com/hphotos-xaf1/t51.2885-15/s306x306/e15/10945261_354756938046072_390047245_n.jpg","902026130031645906_42552564"
"http://scontent-b.cdninstagram.com/hphotos-xaf1/t51.2885-15/s306x306/e15/10919463_1766265103598559_1259237601_n.jpg","901153547731148469_1605096606"
"http://scontent-a.cdninstagram.com/hphotos-xaf1/t51.2885-15/s306x306/e15/10932547_846971111992233_900930748_n.jpg","901051933753289266_1457335713"
"http://scontent-a.cdninstagram.com/hphotos-xfp1/t51.2885-15/s306x306/e15/10808773_318231361710788_1694729482_n.jpg","894157100120126388_176115875"
"http://scontent-b.cdninstagram.com/hphotos-xaf1/t51.2885-15/s306x306/e15/10853158_845569755465952_2067950295_n.jpg","900367431234169615_1457335713"
"http://scontent-a.cdninstagram.com/hphotos-xaf1/t51.2885-15/s306x306/e15/10895223_1519654888322920_300195795_n.jpg","900302248146594841_1368234314"
"http://scontent-b.cdninstagram.com/hphotos-xaf1/t51.2885-15/s306x306/e15/10899190_1526179977647293_179752622_n.jpg","900216841277188909_208347473"
"http://scontent-b.cdninstagram.com/hphotos-xaf1/t51.2885-15/s306x306/e15/10932519_1426278627663597_1723746129_n.jpg","900189029877198673_174060554"
"http://scontent-b.cdninstagram.com/hphotos-xfa1/t51.2885-15/s306x306/e15/10895507_1542629045992776_898094270_n.jpg","900163971965653710_823326923"
"http://scontent-a.cdninstagram.com/hphotos-xfa1/t51.2885-15/s306x306/e15/10903172_863036677082560_1607114597_n.jpg","899764202550424620_55522140"
"http://scontent-b.cdninstagram.com/hphotos-xaf1/t51.2885-15/s306x306/e15/10895473_908916452461255_1551922609_n.jpg","899639869020167941_229143702"
"http://scontent-b.cdninstagram.com/hphotos-xaf1/t51.2885-15/s306x306/e15/10899466_373489286169736_889678765_n.jpg","899574519403588244_1457335713"
"http://scontent-a.cdninstagram.com/hphotos-xaf1/t51.2885-15/s306x306/e15/10914309_890902407608294_1011871348_n.jpg","899433674566095643_1431995595"
"http://scontent-a.cdninstagram.com/hphotos-xaf1/t51.2885-15/s306x306/e15/10919098_585601274917746_1655849257_n.jpg","899183015125068399_788351545"
"http://scontent-a.cdninstagram.com/hphotos-xaf1/t51.2885-15/s306x306/e15/10895410_1002898769725820_1900084171_n.jpg","899055773740968841_788351545"
"http://scontent-b.cdninstagram.com/hphotos-xaf1/l/t51.2885-15/s306x306/e15/10894914_717781671653746_29297746_n.jpg","899039652665109182_788351545"
"http://scontent-a.cdninstagram.com/hphotos-xaf1/t51.2885-15/s306x306/e15/10903509_874353759252092_12534862_n.jpg","899039570624522941_788351545"
"http://scontent-b.cdninstagram.com/hphotos-xfa1/t51.2885-15/s306x306/e15/1889289_412560365574440_682013247_n.jpg","899039464709958332_788351545"
"http://scontent-b.cdninstagram.com/hphotos-xaf1/t51.2885-15/s306x306/e15/10899319_1522105098078722_1322600980_n.jpg","898814390819395432_389959900"
"http://scontent-b.cdninstagram.com/hphotos-xaf1/t51.2885-15/s306x306/e15/10890651_336935396497995_1614818519_n.jpg","897205463781607790_1638733969"
"http://scontent-a.cdninstagram.com/hphotos-xfa1/t51.2885-15/s306x306/e15/10838645_763631000373056_285249903_n.jpg","898650881396729829_500523992"
"http://scontent-b.cdninstagram.com/hphotos-xaf1/t51.2885-15/s306x306/e15/10890684_359848100886870_1655718230_n.jpg","898599627261265616_1284818376"
"http://scontent-b.cdninstagram.com/hphotos-xaf1/t51.2885-15/s306x306/e15/10919173_845685875497392_213017811_n.jpg","898495874414910744_1641682534"
"http://scontent-b.cdninstagram.com/hphotos-xaf1/t51.2885-15/s306x306/e15/10914444_1615375585351305_164136855_n.jpg","898434177394812851_1557278080"
"http://scontent-a.cdninstagram.com/hphotos-xfa1/t51.2885-15/s306x306/e15/10890722_1530245973897344_399040907_n.jpg","898392470208047033_492877232"
"http://scontent-b.cdninstagram.com/hphotos-xpa1/t51.2885-15/s306x306/e15/924142_429656950521816_992312214_n.jpg","898278456172098174_989425395"
"http://scontent-b.cdninstagram.com/hphotos-xap1/t51.2885-15/s306x306/e15/1799811_376950132467059_1565411059_n.jpg","898248236682690414_1479021518"
"http://scontent-b.cdninstagram.com/hphotos-xaf1/t51.2885-15/s306x306/e15/10747968_809792142401018_1914581031_n.jpg","853950822457797712_1474494090"
"http://scontent-b.cdninstagram.com/hphotos-xaf1/t51.2885-15/s306x306/e15/10914160_412569508900921_1385928533_n.jpg","898152576932042826_378337229"
"http://scontent-a.cdninstagram.com/hphotos-xaf1/t51.2885-15/s306x306/e15/10890624_1603336023219566_1872064235_n.jpg","898078023170363494_505117531"
"http://scontent-a.cdninstagram.com/hphotos-xaf1/t51.2885-15/s306x306/e15/10919277_769246533124457_1318482138_n.jpg","897954592948271265_999806837"
"http://scontent-a.cdninstagram.com/hphotos-xpf1/t51.2885-15/s306x306/e15/10175179_786456121443133_383387851_n.jpg","897945982068060094_1442832554"
"http://scontent-a.cdninstagram.com/hphotos-xfa1/t51.2885-15/s306x306/e15/10919495_693125087452902_753176556_n.jpg","897855152829462807_263642525"
"http://scontent-b.cdninstagram.com/hphotos-xaf1/t51.2885-15/s306x306/e15/10919560_847917088583800_399225007_n.jpg","897847340771936440_603148937"
"http://scontent-b.cdninstagram.com/hphotos-xaf1/t51.2885-15/s306x306/e15/10914405_1530124447239044_648400036_n.jpg","897830674554227477_240134161"
"http://scontent-b.cdninstagram.com/hphotos-xaf1/t51.2885-15/s306x306/e15/10914201_1570847686461896_324391276_n.jpg","897794634306265785_222686255"
"http://scontent-b.cdninstagram.com/hphotos-xaf1/t51.2885-15/s306x306/e15/10914141_848699921862750_1089711262_n.jpg","897748131673002625_32177291"
"http://scontent-b.cdninstagram.com/hphotos-xaf1/t51.2885-15/s306x306/e15/10899409_339662862892748_1957893389_n.jpg","897661960452893991_1435027874"
"http://scontent-b.cdninstagram.com/hphotos-xaf1/t51.2885-15/s306x306/e15/10914249_888035177883941_1159717505_n.jpg","897613502600456362_788351545"
"http://scontent-b.cdninstagram.com/hphotos-xaf1/t51.2885-15/s306x306/e15/10932547_539627086178796_757675218_n.jpg","897613385763924136_788351545"
"http://scontent-a.cdninstagram.com/hphotos-xaf1/t51.2885-15/s306x306/e15/10895250_414716058691874_958962864_n.jpg","897613280520448165_788351545"
"http://scontent-a.cdninstagram.com/hphotos-xaf1/t51.2885-15/s306x306/e15/10919523_780527088692874_1557200526_n.jpg","897559113281033808_186570500"
"http://scontent-a.cdninstagram.com/hphotos-xaf1/t51.2885-15/s306x306/e15/10899363_1547683852162062_1029019361_n.jpg","897387359672986001_265688833"
"http://scontent-b.cdninstagram.com/hphotos-xfa1/t51.2885-15/s306x306/e15/10932197_430694587081723_125506449_n.jpg","897346390868776591_1124973476"
"http://scontent-b.cdninstagram.com/hphotos-xaf1/t51.2885-15/s306x306/e15/10895428_1520983548167051_12265235_n.jpg","897307279091010445_954691505"
"http://scontent-b.cdninstagram.com/hphotos-xaf1/t51.2885-15/s306x306/e15/10899078_665635946879222_1873595649_n.jpg","897225012079274532_716401321"
"http://scontent-b.cdninstagram.com/hphotos-xaf1/t51.2885-15/s306x306/e15/10903776_308017752726588_1895692048_n.jpg","897207870194527338_1523327122"
"http://scontent-b.cdninstagram.com/hphotos-xfa1/t51.2885-15/s306x306/e15/10899140_603620376438712_570385416_n.jpg","897083056338224526_8481008"
"http://scontent-a.cdninstagram.com/hphotos-xaf1/t51.2885-15/s306x306/e15/10895458_762047593880877_988181141_n.jpg","896849437802527125_1602398741"
"http://scontent-a.cdninstagram.com/hphotos-xfa1/t51.2885-15/s306x306/e15/10919102_1523511131243256_595877017_n.jpg","896807867750264518_332255490"
"http://scontent-a.cdninstagram.com/hphotos-xfa1/t51.2885-15/s306x306/e15/10914356_1420970651527851_238980208_n.jpg","896768006066585020_1272910558"
"http://scontent-b.cdninstagram.com/hphotos-xaf1/t51.2885-15/s306x306/e15/10895032_913673398656343_2002321349_n.jpg","896655979361579650_44561259"
"http://scontent-b.cdninstagram.com/hphotos-xfa1/t51.2885-15/s306x306/e15/10903364_323836361139664_555458141_n.jpg","896593896300560227_408254558"
"http://scontent-b.cdninstagram.com/hphotos-xfa1/t51.2885-15/s306x306/e15/10899272_842724402451445_24296542_n.jpg","896519108108268707_917427348"
"http://scontent-a.cdninstagram.com/hphotos-xaf1/t51.2885-15/s306x306/e15/10903689_730165953748630_718493451_n.jpg","896514573741102566_389959900"
"http://scontent-a.cdninstagram.com/hphotos-xfa1/t51.2885-15/s306x306/e15/10903220_589995521131202_1897498678_n.jpg","896461005281321515_1208559631"
"http://scontent-a.cdninstagram.com/hphotos-xaf1/t51.2885-15/s306x306/e15/10898977_771691946240580_757733942_n.jpg","894788851175066773_22024418"
"http://scontent-b.cdninstagram.com/hphotos-xfa1/t51.2885-15/s306x306/e15/10914380_584976411634860_392419722_n.jpg","896451266927913144_211013065"
"http://scontent-b.cdninstagram.com/hphotos-xfa1/t51.2885-15/s306x306/e15/10919711_854509967925338_930249424_n.jpg","896322105290231906_303982531"
"http://scontent-b.cdninstagram.com/hphotos-xfa1/t51.2885-15/s306x306/e15/10899458_1024176764262851_1644087452_n.jpg","896311449603938698_1393934229"
"http://scontent-a.cdninstagram.com/hphotos-xfa1/t51.2885-15/s306x306/e15/10891070_905501189460017_1535026236_n.jpg","896287454290696599_378337229"
"http://scontent-b.cdninstagram.com/hphotos-xaf1/t51.2885-15/s306x306/e15/10891033_841703849204803_2119909571_n.jpg","896247314298879752_16562990"
"http://scontent-a.cdninstagram.com/hphotos-xaf1/t51.2885-15/s306x306/e15/10903381_1602171206668080_380308404_n.jpg","896228306675021111_218130236"
"http://scontent-b.cdninstagram.com/hphotos-xaf1/t51.2885-15/s306x306/e15/10899049_828069540569333_288159769_n.jpg","896148409130329508_641144008"
"http://scontent-b.cdninstagram.com/hphotos-xaf1/t51.2885-15/s306x306/e15/10914534_1534302966823668_1279133542_n.jpg","896052227629343152_1206000727"
"http://scontent-b.cdninstagram.com/hphotos-xaf1/t51.2885-15/s306x306/e15/10932310_613764115421743_1142720447_n.jpg","896050375264641223_437825071"
"http://scontent-a.cdninstagram.com/hphotos-xaf1/t51.2885-15/s306x306/e15/10899541_335066820016542_1731570042_n.jpg","896020704525498504_1285772253"
"http://scontent-a.cdninstagram.com/hphotos-xaf1/t51.2885-15/s306x306/e15/10895205_395751460549925_876301251_n.jpg","895905494260178298_520323254"
"http://scontent-a.cdninstagram.com/hphotos-xfa1/t51.2885-15/s306x306/e15/10895057_326686554209270_1210906775_n.jpg","895898807416473410_927494176"
"http://scontent-b.cdninstagram.com/hphotos-xpa1/t51.2885-15/s306x306/e15/10508017_420064064826152_277267480_n.jpg","895880193074447912_264625176"
"http://scontent-a.cdninstagram.com/hphotos-xaf1/t51.2885-15/s306x306/e15/10899060_1512526515702111_378766098_n.jpg","895874692062331689_1014762255"
"http://scontent-a.cdninstagram.com/hphotos-xfa1/t51.2885-15/s306x306/e15/10932422_1037493592943036_1706702336_n.jpg","895862387217558643_195468866"
"http://scontent-b.cdninstagram.com/hphotos-xaf1/t51.2885-15/s306x306/e15/10898949_499619373510508_1903394735_n.jpg","895854166412411346_1556196071"
"http://scontent-b.cdninstagram.com/hphotos-xaf1/t51.2885-15/s306x306/e15/10903542_1437577743198960_2072476448_n.jpg","895764015595127780_836517047"
"http://scontent-a.cdninstagram.com/hphotos-xaf1/t51.2885-15/s306x306/e15/10895058_1532548393696555_1365528489_n.jpg","895752899407156342_1624123108"
"http://scontent-b.cdninstagram.com/hphotos-xfa1/t51.2885-15/s306x306/e15/10932158_1598814717014739_140277288_n.jpg","895716860217435721_729756448"
"http://scontent-a.cdninstagram.com/hphotos-xfa1/t51.2885-15/s306x306/e15/10903736_411526919012147_595569131_n.jpg","895716308718987051_622728592"
"http://scontent-b.cdninstagram.com/hphotos-xaf1/t51.2885-15/s306x306/e15/10914154_825235830856258_1838286610_n.jpg","895693280547442103_242333842"
"http://scontent-b.cdninstagram.com/hphotos-xaf1/t51.2885-15/s306x306/e15/10903471_373988736104219_2012440142_n.jpg","895633523376723910_248474932"
"http://scontent-b.cdninstagram.com/hphotos-xaf1/t51.2885-15/s306x306/e15/10919427_341109519427183_268777299_n.jpg","895625737119787316_293123641"
"http://scontent-b.cdninstagram.com/hphotos-xaf1/t51.2885-15/s306x306/e15/10914319_1571513463092624_409002443_n.jpg","895614552740445558_504359334"
"http://scontent-b.cdninstagram.com/hphotos-xfa1/t51.2885-15/s306x306/e15/10932158_780445835336797_975095382_n.jpg","895503961937322041_1275723751"
"http://scontent-b.cdninstagram.com/hphotos-xfa1/t51.2885-15/s306x306/e15/10932164_856256544439194_1004434111_n.jpg","895365109169034442_389959900"
"http://scontent-b.cdninstagram.com/hphotos-xfa1/t51.2885-15/s306x306/e15/10919540_885991071433155_836984778_n.jpg","895353625379811544_8431995"
"http://scontent-b.cdninstagram.com/hphotos-xaf1/t51.2885-15/s306x306/e15/10899265_1525439181070692_103280816_n.jpg","895143069750434924_284457086"
"http://scontent-a.cdninstagram.com/hphotos-xaf1/t51.2885-15/s306x306/e15/10903543_349002061950673_637969536_n.jpg","895081192449777901_444126671"
"http://scontent-b.cdninstagram.com/hphotos-xfa1/t51.2885-15/s306x306/e15/10895153_1512690465687063_1735057657_n.jpg","895062216931264413_8481008"
"http://scontent-b.cdninstagram.com/hphotos-xaf1/t51.2885-15/s306x306/e15/10932244_674940139281484_1172385346_n.jpg","895021707205767775_1399299315"
"http://scontent-b.cdninstagram.com/hphotos-xfa1/t51.2885-15/s306x306/e15/10919087_768394766583035_584897320_n.jpg","894964272635257460_11916479"
"http://scontent-b.cdninstagram.com/hphotos-xfa1/t51.2885-15/s306x306/e15/10899518_627004100760081_512234001_n.jpg","894963739957814446_414935664"
"http://scontent-a.cdninstagram.com/hphotos-xaf1/t51.2885-15/s306x306/e15/10890877_905288906169188_1978592869_n.jpg","894917647672002593_687743569"
"http://scontent-b.cdninstagram.com/hphotos-xaf1/l/t51.2885-15/s306x306/e15/10881865_1389344144701104_1054450355_n.jpg","894827278564250936_966447484"
"http://scontent-a.cdninstagram.com/hphotos-xaf1/t51.2885-15/s306x306/e15/10919130_1592337327669620_562835595_n.jpg","894764845227612133_389959900"
"http://scontent-b.cdninstagram.com/hphotos-xaf1/t51.2885-15/s306x306/e15/10903570_422418611247456_310835165_n.jpg","894754278861358558_209764784"
"http://scontent-b.cdninstagram.com/hphotos-xaf1/t51.2885-15/s306x306/e15/10899442_1401288126832587_1224485998_n.jpg","894730672468780200_232212424"
"http://scontent-a.cdninstagram.com/hphotos-xaf1/t51.2885-15/s306x306/e15/10919694_1384454178524745_62953996_n.jpg","894716462134853467_741723966"
"http://scontent-a.cdninstagram.com/hphotos-xfa1/t51.2885-15/s306x306/e15/10919714_928449300501457_143386633_n.jpg","894689269822156930_368041691"
"http://scontent-a.cdninstagram.com/hphotos-xaf1/t51.2885-15/s306x306/e15/10899267_1567310683515581_1319930823_n.jpg","894592776654703442_11782193"
"http://scontent-b.cdninstagram.com/hphotos-xfa1/t51.2885-15/s306x306/e15/10914203_1522494288014570_1018994027_n.jpg","894567594576017840_2114573"
"http://scontent-a.cdninstagram.com/hphotos-xfa1/t51.2885-15/s306x306/e15/10919570_639034596208086_867643249_n.jpg","894494614232012019_389959900"
"http://scontent-b.cdninstagram.com/hphotos-frc/t51.2885-15/s306x306/e15/10543580_334744270068498_1289571069_n.jpg","894489594925192308_389959900"
"http://scontent-b.cdninstagram.com/hphotos-xpa1/t51.2885-15/s306x306/e15/10424518_831908460183941_421398627_n.jpg","894420925988998295_1642884098"
"http://scontent-b.cdninstagram.com/hphotos-xaf1/t51.2885-15/s306x306/e15/10932117_674140426038977_464911285_n.jpg","894406780511783031_144176729"
"http://scontent-b.cdninstagram.com/hphotos-xfa1/t51.2885-15/s306x306/e15/10903292_1399809133650735_986375101_n.jpg","894368700151731148_337699451"
"http://scontent-b.cdninstagram.com/hphotos-xfa1/t51.2885-15/s306x306/e15/10903427_1583943678503770_2015773086_n.jpg","894356054238970148_4697191"
"http://scontent-a.cdninstagram.com/hphotos-xfa1/t51.2885-15/s306x306/e15/10932224_323097221224622_707297940_n.jpg","894343308882615332_1628558206"
"http://scontent-b.cdninstagram.com/hphotos-xaf1/t51.2885-15/s306x306/e15/10914372_729229003839424_770651969_n.jpg","894331291010460147_1264573193"
"http://scontent-a.cdninstagram.com/hphotos-xaf1/t51.2885-15/s306x306/e15/10899117_1014135665269675_454958554_n.jpg","894330760294265608_365430731"
"http://scontent-b.cdninstagram.com/hphotos-xaf1/t51.2885-15/s306x306/e15/10903315_779605775448344_282974836_n.jpg","894308041161270161_1450498159"
"http://scontent-a.cdninstagram.com/hphotos-xpa1/t51.2885-15/s306x306/e15/928696_1580613378842185_258555568_n.jpg","894312353861549887_1284802638"
"http://scontent-a.cdninstagram.com/hphotos-xaf1/t51.2885-15/s306x306/e15/10898991_616295558499360_1623774051_n.jpg","894312606532418775_231715302"
"http://scontent-b.cdninstagram.com/hphotos-xaf1/t51.2885-15/s306x306/e15/10899535_316719531871247_191605459_n.jpg","894278320727234119_1560244580"
"http://scontent-a.cdninstagram.com/hphotos-xfa1/t51.2885-15/s306x306/e15/10919291_416959095119846_91886129_n.jpg","894252600765269928_1590771360"
"http://scontent-a.cdninstagram.com/hphotos-xfa1/t51.2885-15/s306x306/e15/10914602_1532200630394482_2086095140_n.jpg","894249799844124033_890427836"
"http://scontent-a.cdninstagram.com/hphotos-xaf1/t51.2885-15/s306x306/e15/10914426_425477514283514_1263048382_n.jpg","894244301009199092_252041158"
"http://scontent-b.cdninstagram.com/hphotos-xfa1/t51.2885-15/s306x306/e15/10932194_1573971716152456_1789560881_n.jpg","894219059161550526_1061118410"
"http://scontent-a.cdninstagram.com/hphotos-xaf1/t51.2885-15/s306x306/e15/10914297_426421094189110_1266061784_n.jpg","894216474414673887_278644730"
"http://scontent-b.cdninstagram.com/hphotos-xaf1/t51.2885-15/s306x306/e15/10894927_1593036740914419_1437404224_n.jpg","894212473506968609_257956740"
"http://scontent-a.cdninstagram.com/hphotos-xaf1/t51.2885-15/s306x306/e15/10914222_565737813561266_1845461199_n.jpg","894207085160499951_37552113"
"http://scontent-a.cdninstagram.com/hphotos-xfa1/t51.2885-15/s306x306/e15/10919585_628842450577307_67019711_n.jpg","894178533986979378_19596202"
"http://scontent-a.cdninstagram.com/hphotos-xfa1/t51.2885-15/s306x306/e15/10914392_898813630143347_1997801995_n.jpg","894179755420351197_993437877"
"http://scontent-a.cdninstagram.com/hphotos-xpa1/t51.2885-15/s306x306/e15/10424486_1570144269898971_1861539730_n.jpg","894168164241434084_560596208"
"http://scontent-a.cdninstagram.com/hphotos-xaf1/t51.2885-15/s306x306/e15/10919557_1568982243343690_1015410668_n.jpg","894122206339984356_197898001"
"http://scontent-a.cdninstagram.com/hphotos-xfa1/t51.2885-15/s306x306/e15/10899425_663478047093979_1658905480_n.jpg","894118357318291625_892191843"
"http://scontent-b.cdninstagram.com/hphotos-xfa1/t51.2885-15/s306x306/e15/10899422_1523285957949266_1230494829_n.jpg","894107421125733896_235298930"
"http://scontent-b.cdninstagram.com/hphotos-xaf1/t51.2885-15/s306x306/e15/10890997_639293682841907_1044782840_n.jpg","894105093035355615_235298930"
"http://scontent-a.cdninstagram.com/hphotos-xaf1/t51.2885-15/s306x306/e15/10914246_1521979544756125_1026246396_n.jpg","894086514112617694_40292454"
"http://scontent-a.cdninstagram.com/hphotos-xaf1/t51.2885-15/s306x306/e15/10932201_1430561370537727_1516362158_n.jpg","894071178237340103_1259339121"
"http://scontent-b.cdninstagram.com/hphotos-xfa1/t51.2885-15/s306x306/e15/10903337_391223691044582_311055021_n.jpg","894054078223988713_413510492"
"http://scontent-a.cdninstagram.com/hphotos-xaf1/t51.2885-15/s306x306/e15/10899322_396524967178495_232492040_n.jpg","894046897671748427_838929333"
"http://scontent-a.cdninstagram.com/hphotos-xaf1/t51.2885-15/s306x306/e15/10914160_745607658849386_1663652019_n.jpg","894038457917035012_378427995"
"http://scontent-b.cdninstagram.com/hphotos-xaf1/t51.2885-15/s306x306/e15/10919602_1581462195433061_1794408237_n.jpg","894010975654760125_196698314"
"http://scontent-b.cdninstagram.com/hphotos-xfa1/t51.2885-15/s306x306/e15/10932302_333971170129279_1419228470_n.jpg","893948414252968466_29871177"
"http://scontent-a.cdninstagram.com/hphotos-xpa1/t51.2885-15/s306x306/e15/924107_758429140917673_1335003278_n.jpg","893897727936845457_268368348"
"http://scontent-a.cdninstagram.com/hphotos-xpa1/t51.2885-15/s306x306/e15/924142_835622516500216_1984231230_n.jpg","893877927986420437_546888157"
"http://scontent-a.cdninstagram.com/hphotos-xaf1/t51.2885-15/s306x306/e15/10890942_749566441764019_678207307_n.jpg","893861857063954757_328391113"
"http://scontent-a.cdninstagram.com/hphotos-xaf1/t51.2885-15/s306x306/e15/10899504_888576314496869_1168567635_n.jpg","893860239102798125_328391113"
"http://scontent-b.cdninstagram.com/hphotos-xfa1/t51.2885-15/s306x306/e15/10903694_865839163437754_306356826_n.jpg","893859342293494045_328391113"
"http://scontent-a.cdninstagram.com/hphotos-xpa1/t51.2885-15/s306x306/e15/924424_770636593018850_99388666_n.jpg","893827559025550924_971597824"
"http://scontent-b.cdninstagram.com/hphotos-xaf1/t51.2885-15/s306x306/e15/10903779_843722242350750_484392142_n.jpg","893695873885102974_1479342519"
"http://scontent-b.cdninstagram.com/hphotos-xfa1/t51.2885-15/s306x306/e15/10903583_717830805003214_1723932080_n.jpg","893727996047271061_1436433592"
"http://scontent-a.cdninstagram.com/hphotos-xfa1/t51.2885-15/s306x306/e15/10932092_498171386992361_2136814086_n.jpg","893718215070515427_1029071215"
"http://scontent-b.cdninstagram.com/hphotos-xaf1/t51.2885-15/s306x306/e15/10882033_1406855616274510_1904855474_n.jpg","893715806952816808_1029071215"
"http://scontent-b.cdninstagram.com/hphotos-xaf1/t51.2885-15/s306x306/e15/10914184_315284622015000_1662958562_n.jpg","893701748938369020_49306912"
"http://scontent-b.cdninstagram.com/hphotos-xfa1/t51.2885-15/s306x306/e15/10914350_703892536392601_921665635_n.jpg","893701228918799502_54685574"
"http://scontent-a.cdninstagram.com/hphotos-xaf1/t51.2885-15/s306x306/e15/10903680_1375584586074175_170990481_n.jpg","893675197982181563_1181844993"
"http://scontent-b.cdninstagram.com/hphotos-xfa1/t51.2885-15/s306x306/e15/10919330_821364811262131_774470250_n.jpg","893672636718468530_180571490"
"http://scontent-a.cdninstagram.com/hphotos-xaf1/t51.2885-15/s306x306/e15/10899072_793182647439913_2060505025_n.jpg","893639884966608587_1392065910"
"http://scontent-a.cdninstagram.com/hphotos-xaf1/t51.2885-15/s306x306/e15/10899363_383683931807474_1880113661_n.jpg","893634990628502451_13489445"
"http://scontent-b.cdninstagram.com/hphotos-xaf1/t51.2885-15/s306x306/e15/10914687_632671020188227_472827499_n.jpg","893634124418461380_1523327122"
"http://scontent-b.cdninstagram.com/hphotos-xaf1/t51.2885-15/s306x306/e15/10914705_1525160187771862_1749097566_n.jpg","893633361994657449_1523327122"
"http://scontent-b.cdninstagram.com/hphotos-xaf1/t51.2885-15/s306x306/e15/10903603_739309949509727_1261345308_n.jpg","893630808697254529_1434164011"
"http://scontent-a.cdninstagram.com/hphotos-xaf1/t51.2885-15/s306x306/e15/10914385_1576300699283485_1821203176_n.jpg","893629373234926137_854625371"
"http://scontent-a.cdninstagram.com/hphotos-xaf1/t51.2885-15/s306x306/e15/10899201_769482146471966_1316503898_n.jpg","893623711086166009_1525227574"
"http://scontent-b.cdninstagram.com/hphotos-xfa1/t51.2885-15/s306x306/e15/10895081_1577577132459281_1251797709_n.jpg","893610861246517397_300490483"
"http://scontent-a.cdninstagram.com/hphotos-xaf1/t51.2885-15/s306x306/e15/10914640_1527893084163350_1825672217_n.jpg","893596736325516021_261897141"
"http://scontent-a.cdninstagram.com/hphotos-xaf1/t51.2885-15/s306x306/e15/10919347_576928582441335_527344340_n.jpg","893594880883904204_215988154"
"http://scontent-b.cdninstagram.com/hphotos-xfa1/t51.2885-15/s306x306/e15/10914134_322918354566976_657145075_n.jpg","893586051025908996_917427348"
"http://scontent-a.cdninstagram.com/hphotos-xfa1/t51.2885-15/s306x306/e15/10890515_795145953905369_88144631_n.jpg","893581609461204063_555159208"
"http://scontent-b.cdninstagram.com/hphotos-xaf1/t51.2885-15/s306x306/e15/10903627_853149338082837_291652348_n.jpg","893578028706508597_654227378"
"http://scontent-b.cdninstagram.com/hphotos-xaf1/t51.2885-15/s306x306/e15/10919230_1756126771280148_1525805027_n.jpg","893575342324002393_369419426"
"http://scontent-b.cdninstagram.com/hphotos-xaf1/t51.2885-15/s306x306/e15/10914355_331912040332546_977662801_n.jpg","893573042096523568_296925465"
"http://scontent-a.cdninstagram.com/hphotos-xaf1/t51.2885-15/s306x306/e15/10899067_408991395930319_189679981_n.jpg","893388702247054099_213469633"
"http://scontent-a.cdninstagram.com/hphotos-xaf1/t51.2885-15/s306x306/e15/10919314_339111729624658_715821846_n.jpg","893572328411492603_246403"
"http://scontent-a.cdninstagram.com/hphotos-xaf1/t51.2885-15/s306x306/e15/10919742_905980569442774_768323246_n.jpg","893541703054135732_493345643"
"http://scontent-a.cdninstagram.com/hphotos-xaf1/t51.2885-15/s306x306/e15/10899559_1027321887297478_2022254083_n.jpg","893525057937806477_8564804"
"http://scontent-a.cdninstagram.com/hphotos-xaf1/t51.2885-15/s306x306/e15/10890735_325373554329924_1697275643_n.jpg","893519630230546068_190493768"
"http://scontent-b.cdninstagram.com/hphotos-xfa1/t51.2885-15/s306x306/e15/10474917_791072680940616_328268362_n.jpg","893500744258419943_1622446150"
"http://scontent-b.cdninstagram.com/hphotos-xfa1/t51.2885-15/s306x306/e15/10919141_495197183955201_608611728_n.jpg","893492381939205085_445063"
"http://scontent-b.cdninstagram.com/hphotos-xaf1/t51.2885-15/s306x306/e15/10895206_805995989468950_526236731_n.jpg","893480072455012006_1279641166"
"http://scontent-a.cdninstagram.com/hphotos-xaf1/t51.2885-15/s306x306/e15/10895005_405020876333155_1328182618_n.jpg","893477186668289045_646649566"
"http://scontent-b.cdninstagram.com/hphotos-xap1/t51.2885-15/s306x306/e15/10326636_514008488742440_1492733087_n.jpg","893457789754212341_395591726"
"http://scontent-b.cdninstagram.com/hphotos-xaf1/t51.2885-15/s306x306/e15/10890991_1398277893802115_96053577_n.jpg","893455785395558956_1499510325"
"http://scontent-a.cdninstagram.com/hphotos-xaf1/t51.2885-15/s306x306/e15/10891096_830694650307797_1555942074_n.jpg","893446090739746775_13335064"
"http://scontent-b.cdninstagram.com/hphotos-xfa1/t51.2885-15/s306x306/e15/10895183_426681660820399_646893328_n.jpg","893445065148546674_36280078"
"http://scontent-a.cdninstagram.com/hphotos-xaf1/t51.2885-15/s306x306/e15/10895128_1520819044862946_644425982_n.jpg","893441488733227309_555335657"
"http://scontent-a.cdninstagram.com/hphotos-xfa1/t51.2885-15/s306x306/e15/10932164_751071984977255_1579981112_n.jpg","893435051417512412_212937025"
"http://scontent-b.cdninstagram.com/hphotos-xfa1/t51.2885-15/s306x306/e15/10882046_1543816725858036_1127318913_n.jpg","893417495191366072_187080009"
"http://scontent-b.cdninstagram.com/hphotos-xpa1/t51.2885-15/s306x306/e15/928705_764889730254921_533950024_n.jpg","893391757535195407_192067411"
"http://scontent-b.cdninstagram.com/hphotos-xap1/t51.2885-15/s306x306/e15/925560_424092661083095_369488578_n.jpg","893381655111681697_403479624"
"http://scontent-a.cdninstagram.com/hphotos-xfa1/t51.2885-15/s306x306/e15/10899539_1404193463207748_609334598_n.jpg","893367609457977682_24871353"
"http://scontent-a.cdninstagram.com/hphotos-xfa1/t51.2885-15/s306x306/e15/10731838_921689691188866_605779228_n.jpg","893358723994281590_1410902872"
"http://scontent-a.cdninstagram.com/hphotos-xaf1/t51.2885-15/s306x306/e15/10919593_707792276007242_956964651_n.jpg","893358943927780980_47388824"
"http://scontent-a.cdninstagram.com/hphotos-xaf1/t51.2885-15/s306x306/e15/10895112_529317387209293_577771957_n.jpg","893356351533790194_256705171"
"http://scontent-b.cdninstagram.com/hphotos-xaf1/t51.2885-15/s306x306/e15/10865289_777509352324272_1463318407_n.jpg","893327913224525435_5673092"
"http://scontent-b.cdninstagram.com/hphotos-xfa1/t51.2885-15/s306x306/e15/10890626_776388965781626_484251712_n.jpg","893312093710597262_738567958"
"http://scontent-b.cdninstagram.com/hphotos-xaf1/t51.2885-15/s306x306/e15/10891098_1541908412755157_573247893_n.jpg","893282243660873226_227641150"
"http://scontent-b.cdninstagram.com/hphotos-xaf1/t51.2885-15/s306x306/e15/10914189_1399442710352646_995727358_n.jpg","892037327703442427_1602707495"
"http://scontent-a.cdninstagram.com/hphotos-xfa1/t51.2885-15/s306x306/e15/10919324_668248209950966_1088555133_n.jpg","893275691922046763_36280078"
"http://scontent-a.cdninstagram.com/hphotos-xaf1/t51.2885-15/s306x306/e15/10914538_648825281906024_82804423_n.jpg","893236742684558954_368775656"
"http://scontent-a.cdninstagram.com/hphotos-xpa1/t51.2885-15/s306x306/e15/10326563_762775133798031_1328273415_n.jpg","892813379965210868_181465691"
"http://scontent-a.cdninstagram.com/hphotos-xfa1/t51.2885-15/s306x306/e15/10890698_929650360387406_927746431_n.jpg","893216092366846180_1571703085"
"http://scontent-b.cdninstagram.com/hphotos-xpa1/t51.2885-15/s306x306/e15/925628_573869839412594_1010647292_n.jpg","893214175443385240_401907397"
"http://scontent-a.cdninstagram.com/hphotos-xaf1/t51.2885-15/s306x306/e15/10890655_1523250404606764_107471105_n.jpg","893199567817162540_346399494"
"http://scontent-b.cdninstagram.com/hphotos-xaf1/t51.2885-15/s306x306/e15/10899154_1535523993380356_1471078290_n.jpg","893188610296937728_263782846"
"http://scontent-a.cdninstagram.com/hphotos-xfa1/t51.2885-15/s306x306/e15/10914356_828203610583524_555337674_n.jpg","893184049123211646_586365557"
"http://scontent-b.cdninstagram.com/hphotos-xaf1/t51.2885-15/s306x306/e15/10890994_576119795856782_361974054_n.jpg","893157495767316855_1571703085"
"http://scontent-a.cdninstagram.com/hphotos-xaf1/t51.2885-15/s306x306/e15/10919353_759568587465195_1703499392_n.jpg","893137528454453983_13921605"
"http://scontent-a.cdninstagram.com/hphotos-xaf1/t51.2885-15/s306x306/e15/10919607_351340471712081_357523900_n.jpg","893129157783366637_3538625"
"http://scontent-b.cdninstagram.com/hphotos-xfa1/t51.2885-15/s306x306/e15/10895054_402718306564897_2082791882_n.jpg","893102297241078530_1601022289"
"http://scontent-b.cdninstagram.com/hphotos-xfa1/t51.2885-15/s306x306/e15/10894982_562641147214004_932037636_n.jpg","893096728867570786_513173520"
"http://scontent-b.cdninstagram.com/hphotos-xaf1/l/t51.2885-15/s306x306/e15/10919736_1580120175556291_1294283250_n.jpg","893074285481927382_17478047"
"http://scontent-a.cdninstagram.com/hphotos-xaf1/t51.2885-15/s306x306/e15/10919589_630247150437590_643694648_n.jpg","893062020036125676_20862391"
"http://scontent-b.cdninstagram.com/hphotos-xaf1/t51.2885-15/s306x306/e15/10899447_404500733049876_1658975020_n.jpg","893059096136125588_369962050"
"http://scontent-a.cdninstagram.com/hphotos-xaf1/t51.2885-15/s306x306/e15/10899000_1540092249603031_1809015734_n.jpg","893058199312554394_367919501"
"http://scontent-a.cdninstagram.com/hphotos-xfa1/t51.2885-15/s306x306/e15/10903586_571794396298147_1938121999_n.jpg","893036211747909028_305409826"
"http://scontent-b.cdninstagram.com/hphotos-xaf1/t51.2885-15/s306x306/e15/10899306_820859044645663_1976194305_n.jpg","893029843516736937_33797256"
"http://scontent-a.cdninstagram.com/hphotos-xaf1/t51.2885-15/s306x306/e15/10891107_394122757415391_1265145546_n.jpg","893017832692995694_41859180"
"http://scontent-b.cdninstagram.com/hphotos-xfa1/t51.2885-15/s306x306/e15/10914353_1561954674050117_606221796_n.jpg","893013899724364765_436510933"
"http://scontent-a.cdninstagram.com/hphotos-xaf1/t51.2885-15/s306x306/e15/10903327_634301896695381_2044785422_n.jpg","893005928653851823_30788778"
"http://scontent-a.cdninstagram.com/hphotos-xfa1/t51.2885-15/s306x306/e15/1971425_852585868097582_1468717059_n.jpg","892998017014328299_198989377"
"http://scontent-b.cdninstagram.com/hphotos-xfa1/t51.2885-15/s306x306/e15/10919567_1562522167325127_1771024266_n.jpg","892996332724794960_1420524716"
"http://scontent-a.cdninstagram.com/hphotos-xaf1/l/t51.2885-15/s306x306/e15/10894944_408180412679717_2065144988_n.jpg","892993898807548552_177260245"
"http://scontent-b.cdninstagram.com/hphotos-xfa1/t51.2885-15/s306x306/e15/10903220_1561681990740757_598206929_n.jpg","892988840176033923_336911319"
"http://scontent-a.cdninstagram.com/hphotos-xfa1/t51.2885-15/s306x306/e15/10891034_366215003561942_613714033_n.jpg","892981699691847832_296085935"
"http://scontent-a.cdninstagram.com/hphotos-xfa1/t51.2885-15/s306x306/e15/10903427_334132366786922_1747917928_n.jpg","892976093537220985_1526913309"
"http://scontent-b.cdninstagram.com/hphotos-xfa1/t51.2885-15/s306x306/e15/10919510_613142132123578_1367496536_n.jpg","892974426323523245_199270356"
"http://scontent-a.cdninstagram.com/hphotos-xfp1/t51.2885-15/s306x306/e15/10756003_1600171143535617_1147973041_n.jpg","892967815131357198_795214279"
"http://scontent-a.cdninstagram.com/hphotos-xaf1/t51.2885-15/s306x306/e15/10914597_743732515734854_1297865291_n.jpg","892953044726529064_220370462"
"http://scontent-a.cdninstagram.com/hphotos-xaf1/t51.2885-15/s306x306/e15/10914312_1386130835023196_706520317_n.jpg","892945524256930764_286531789"
"http://scontent-b.cdninstagram.com/hphotos-xaf1/t51.2885-15/s306x306/e15/10899328_717242045050293_1208900586_n.jpg","892944384077575174_408152028"
"http://scontent-b.cdninstagram.com/hphotos-xaf1/t51.2885-15/s306x306/e15/10903194_1573536446191710_1354622244_n.jpg","892910478841084997_358925766"
"http://scontent-b.cdninstagram.com/hphotos-xpa1/t51.2885-15/s306x306/e15/928663_1565012493734437_908629989_n.jpg","892935364606037969_1423298714"
"http://scontent-b.cdninstagram.com/hphotos-xfp1/t51.2885-15/s306x306/e15/10691617_774932652580802_687231030_n.jpg","892934943255511017_29319558"
"http://scontent-a.cdninstagram.com/hphotos-xfa1/t51.2885-15/s306x306/e15/10899410_516208115185815_1317216630_n.jpg","892930134763163765_353409915"
"http://scontent-a.cdninstagram.com/hphotos-xap1/t51.2885-15/s306x306/e15/10424427_685905038189499_91359853_n.jpg","892929375515745359_190532086"
"http://scontent-b.cdninstagram.com/hphotos-xfa1/t51.2885-15/s306x306/e15/10903277_613888762076587_840102591_n.jpg","892915597135703227_1290442938"
"http://scontent-b.cdninstagram.com/hphotos-xpa1/t51.2885-15/s306x306/e15/925583_800114073394000_703572766_n.jpg","892900028485129856_9229788"
"http://scontent-a.cdninstagram.com/hphotos-xaf1/t51.2885-15/s306x306/e15/10882030_895731547125865_652589141_n.jpg","892905682731235434_189702013"
"http://scontent-b.cdninstagram.com/hphotos-xfa1/t51.2885-15/s306x306/e15/10903559_355854484598875_1904243392_n.jpg","892893234240418899_1366944092"
"http://scontent-b.cdninstagram.com/hphotos-xaf1/t51.2885-15/s306x306/e15/10919575_992100877471232_2113070690_n.jpg","892889890573491363_1432817790"
"http://scontent-a.cdninstagram.com/hphotos-xaf1/t51.2885-15/s306x306/e15/10899480_388193221363969_800534816_n.jpg","892885510796798146_1058217233"
"http://scontent-b.cdninstagram.com/hphotos-xaf1/t51.2885-15/s306x306/e15/10919266_1522835908006041_1810361660_n.jpg","892857569164440608_466068"
"http://scontent-b.cdninstagram.com/hphotos-xaf1/t51.2885-15/s306x306/e15/10894981_308708375994725_736034951_n.jpg","892839770629646215_697388624"
"http://scontent-b.cdninstagram.com/hphotos-xaf1/t51.2885-15/s306x306/e15/10175184_1606351252927626_601082445_n.jpg","892835931051725991_361950708"
"http://scontent-a.cdninstagram.com/hphotos-xaf1/t51.2885-15/s306x306/e15/10903497_1506925526238349_748810647_n.jpg","892835184226269143_570089540"
"http://scontent-b.cdninstagram.com/hphotos-xfa1/t51.2885-15/s306x306/e15/10914314_1543967549216787_1648015264_n.jpg","892827562368893878_1621272879"
"http://scontent-b.cdninstagram.com/hphotos-xaf1/t51.2885-15/s306x306/e15/10914601_1399058563725434_1200956861_n.jpg","892807160827744193_309721026"
"http://scontent-b.cdninstagram.com/hphotos-xaf1/t51.2885-15/s306x306/e15/10894951_1757274937831826_248898536_n.jpg","892819509202327343_361950708"
"http://scontent-b.cdninstagram.com/hphotos-xfa1/t51.2885-15/s306x306/e15/10882061_775287155884227_1898325519_n.jpg","892811167058826879_361950708"
"http://scontent-b.cdninstagram.com/hphotos-xaf1/t51.2885-15/s306x306/e15/10891024_1421510174806549_1764550681_n.jpg","892790778714854539_361950708"
"http://scontent-a.cdninstagram.com/hphotos-xaf1/t51.2885-15/s306x306/e15/10894921_398211240355016_1857721182_n.jpg","892788605024574535_290210102"
"http://scontent-a.cdninstagram.com/hphotos-xaf1/t51.2885-15/s306x306/e15/10899163_341429156060368_974212540_n.jpg","892787820869461357_622728592"
"http://scontent-a.cdninstagram.com/hphotos-xfa1/t51.2885-15/s306x306/e15/10914209_341182076085047_176821058_n.jpg","892780603368481156_7822247"
"http://scontent-a.cdninstagram.com/hphotos-xaf1/t51.2885-15/s306x306/e15/10899322_366310916882232_795635883_n.jpg","892771458728741267_1610937193"
"http://scontent-a.cdninstagram.com/hphotos-xfa1/t51.2885-15/s306x306/e15/10914224_837382339657881_261598458_n.jpg","892755778666112080_261691160"
"http://scontent-a.cdninstagram.com/hphotos-xap1/t51.2885-15/s306x306/e15/1170540_600100686715667_752310469_n.jpg","573150132078922688_358885529"
"http://scontent-b.cdninstagram.com/hphotos-xpf1/outbound-distilleryimage4/t0.0-17/OBPTH/2da545ae284611e2ac9b22000a1fb864_6.jpg","318844644929079424_55295545"
