"http://scontent-b.cdninstagram.com/hphotos-xpf1/t51.2885-15/10691879_699622310107671_752782498_a.jpg","824960249239790071_51424183"
"http://scontent-a.cdninstagram.com/hphotos-xfa1/t51.2885-15/10914614_1564569520425050_1929257439_a.jpg","892830799043759745_301810514"
"http://scontent-b.cdninstagram.com/hphotos-xap1/t51.2885-15/10693469_369420966557204_1979382929_a.jpg","825294096728966601_423599208"
"http://scontent-b.cdninstagram.com/hphotos-xaf1/t51.2885-15/10890595_282687465188898_387262066_a.jpg","890951543225630252_1467250814"
"http://scontent-a.cdninstagram.com/hphotos-xaf1/t51.2885-15/10919683_510434065765947_810440047_a.jpg","890944732456074640_1467250814"
"http://scontent-a.cdninstagram.com/hphotos-xaf1/t51.2885-15/10919577_1406104713015338_1464480224_a.jpg","890746065156686684_1357823951"
"http://scontent-b.cdninstagram.com/hphotos-xpa1/t51.2885-15/928696_829118387151128_816621197_a.jpg","889343863946781085_17723623"
"http://scontent-a.cdninstagram.com/hphotos-xfa1/t51.2885-15/10890914_1574711439413594_580019004_a.jpg","888733621907732329_392594204"
"http://scontent-a.cdninstagram.com/hphotos-xaf1/t51.2885-15/10881867_890590267627488_315281216_a.jpg","888649864944419588_1628523455"
"http://scontent-b.cdninstagram.com/hphotos-xaf1/t51.2885-15/10899508_429384433876275_317051021_a.jpg","887768249345855636_504152131"
"http://scontent-a.cdninstagram.com/hphotos-xaf1/t51.2885-15/10865032_733990673351030_80588748_a.jpg","887683657179744417_1550001937"
"http://scontent-b.cdninstagram.com/hphotos-xfa1/t51.2885-15/10817564_621458651297547_1881393052_a.jpg","872361720131292637_341651218"
"http://scontent-a.cdninstagram.com/hphotos-xfa1/t51.2885-15/10899293_1537539086496048_779713105_a.jpg","887350165751630178_1613670161"
"http://scontent-b.cdninstagram.com/hphotos-xaf1/t51.2885-15/10881801_1515754385369590_1438605979_a.jpg","886868404382581116_1357823951"
"http://scontent-b.cdninstagram.com/hphotos-xfa1/t51.2885-15/10898969_793376377390610_279521491_a.jpg","886575308541729151_571719293"
"http://scontent-a.cdninstagram.com/hphotos-xaf1/t51.2885-15/10881973_1533797053555792_1971284806_a.jpg","886305128017279346_215941261"
"http://scontent-b.cdninstagram.com/hphotos-xaf1/t51.2885-15/10865170_778605172218455_1062671172_a.jpg","886196095207523062_1802991"
"http://scontent-a.cdninstagram.com/hphotos-xaf1/t51.2885-15/10890966_1518306968437023_198652797_a.jpg","885889003494313434_214988330"
"http://scontent-a.cdninstagram.com/hphotos-xaf1/t51.2885-15/10864909_369265699921664_861766299_a.jpg","883736623358702925_5989892"
"http://scontent-a.cdninstagram.com/hphotos-xaf1/t51.2885-15/10890913_490541787754940_1357716921_a.jpg","883934157674469329_275760340"
"http://scontent-b.cdninstagram.com/hphotos-xaf1/t51.2885-15/10859935_317174778486853_747611448_a.jpg","883884652458448815_399513364"
"http://scontent-b.cdninstagram.com/hphotos-xap1/t51.2885-15/1599915_1612343875660604_1982291151_a.jpg","883262555293256813_879927594"
"http://scontent-a.cdninstagram.com/hphotos-xaf1/t51.2885-15/10881936_398608153632459_849629619_a.jpg","882571689513591419_442274487"
"http://scontent-a.cdninstagram.com/hphotos-xpf1/t51.2885-15/10349582_700320406732091_1703142208_a.jpg","882432602439305869_1550001937"
"http://scontent-b.cdninstagram.com/hphotos-xfa1/t51.2885-15/10848107_749324325148699_1665307409_a.jpg","882283135336425280_687960744"
"http://scontent-a.cdninstagram.com/hphotos-xfa1/t51.2885-15/10864856_490913404384486_1480482997_a.jpg","882170467600704511_1490977951"
"http://scontent-a.cdninstagram.com/hphotos-xaf1/t51.2885-15/10843885_343250205846399_1508119675_a.jpg","881764757106686696_26929957"
"http://scontent-b.cdninstagram.com/hphotos-xaf1/t51.2885-15/10859982_869328069765081_1457429279_a.jpg","881738245346236891_34113909"
"http://scontent-a.cdninstagram.com/hphotos-xfa1/t51.2885-15/10832300_1525010211109219_60922286_a.jpg","881375554307533165_1070078497"
"http://scontent-a.cdninstagram.com/hphotos-xaf1/t51.2885-15/10724205_378927078943654_143890836_a.jpg","881310377230121585_346082733"
"http://scontent-b.cdninstagram.com/hphotos-xpf1/t51.2885-15/10354291_1398585937101411_1599283796_a.jpg","880833838921262745_687960744"
"http://scontent-a.cdninstagram.com/hphotos-xaf1/t51.2885-15/10848315_746395665454740_2115523083_a.jpg","880774343719345095_314832773"
"http://scontent-b.cdninstagram.com/hphotos-xap1/t51.2885-15/10554087_684537541662644_1646117843_a.jpg","880738055801913584_1357823951"
"http://scontent-a.cdninstagram.com/hphotos-xfa1/t51.2885-15/10848449_736443223116897_2027968595_a.jpg","880720596944405296_1357823951"
"http://scontent-b.cdninstagram.com/hphotos-xaf1/t51.2885-15/10843899_571948036268697_1055435854_a.jpg","880700386296143776_492068782"
"http://scontent-b.cdninstagram.com/hphotos-xaf1/t51.2885-15/10844133_1526667770941187_1522722952_a.jpg","880608252006368080_266061919"
"http://scontent-b.cdninstagram.com/hphotos-xfa1/t51.2885-15/10838396_422757354541886_1665813008_a.jpg","880582847536847028_228543861"
"http://scontent-b.cdninstagram.com/hphotos-xaf1/t51.2885-15/10838521_1502024056747055_877570358_a.jpg","880505008255960761_1451805800"
"http://scontent-b.cdninstagram.com/hphotos-xfa1/t51.2885-15/10844144_827629373950147_502934859_a.jpg","880460703105629930_679459942"
