"https://scontent.cdninstagram.com/hphotos-xaf1/t51.2885-15/s320x320/e35/11910370_882178095171202_383249689_n.jpg","1058255370354360031_21326982"
"https://scontent.cdninstagram.com/hphotos-xaf1/t51.2885-15/s320x320/e15/11377818_401439793378173_2101754472_n.jpg","1051054905440754668_253973733"
"https://scontent.cdninstagram.com/hphotos-xpa1/t51.2885-15/s320x320/e35/10948742_871362849579235_967065979_n.jpg","1044996952936635675_644397518"
"https://scontent.cdninstagram.com/hphotos-xpf1/t51.2885-15/s320x320/e35/1922195_1002426446488730_458193487_n.jpg","1037372153136663670_25296522"
"https://scontent.cdninstagram.com/hphotos-xfa1/t51.2885-15/s320x320/e35/11371955_1608232442785192_526662069_n.jpg","1034808867397524564_644397518"
"https://scontent.cdninstagram.com/hphotos-xaf1/t51.2885-15/s320x320/e35/11426667_887663201328129_1741612293_n.jpg","1032620173839760459_21326982"
"https://scontent.cdninstagram.com/hphotos-xaf1/t51.2885-15/s320x320/e35/11428660_915190798538223_312581525_n.jpg","1032190720622419802_644397518"
"https://scontent.cdninstagram.com/hphotos-xaf1/t51.2885-15/e35/11257812_852884941427907_719422920_n.jpg","1026540804667926506_2104932872"
"https://scontent.cdninstagram.com/hphotos-xpt1/t51.2885-15/s320x320/e35/11098772_995845703779472_921897888_n.jpg","1025747721609078459_2104932872"
"https://scontent.cdninstagram.com/hphotos-xfa1/t51.2885-15/s320x320/e15/11376257_1654756801420659_387186265_n.jpg","1023171112550566540_540080289"
"https://scontent.cdninstagram.com/hphotos-xaf1/t51.2885-15/s320x320/e15/11378205_460949194065208_231759052_n.jpg","1023160047129364829_540080289"
"https://scontent.cdninstagram.com/hphotos-xfa1/t51.2885-15/s320x320/e35/11381858_651315721634534_982321922_n.jpg","1019867785318547604_1186979527"
"https://scontent.cdninstagram.com/hphotos-xaf1/t51.2885-15/s320x320/e15/11327125_406647612869491_248359008_n.jpg","1017594462633706625_1618788056"
"https://scontent.cdninstagram.com/hphotos-xfa1/t51.2885-15/s320x320/e15/11312144_715810598547085_205431334_n.jpg","1013070490030692377_365488445"
"https://scontent.cdninstagram.com/hphotos-xfa1/t51.2885-15/s320x320/e15/11335847_553443424795072_293714872_n.jpg","1000140342273137617_253973733"
"https://scontent.cdninstagram.com/hphotos-xap1/t51.2885-15/s320x320/e15/11189511_1630681583834645_807883605_n.jpg","980707798174742341_474547636"
"https://scontent.cdninstagram.com/hphotos-xat1/t51.2885-15/s320x320/e15/11208486_1207852242602671_1883651191_n.jpg","974819552656693388_535553397"
"https://scontent.cdninstagram.com/hphotos-xpt1/t51.2885-15/s320x320/e15/11192752_550231105115105_1360131270_n.jpg","974812798863127917_572958948"
"https://scontent.cdninstagram.com/hphotos-xap1/t51.2885-15/s320x320/e15/11189560_1073164372697694_1902597640_n.jpg","974201337808152275_1393554344"
"https://scontent.cdninstagram.com/hphotos-xpa1/t51.2885-15/s320x320/e15/10175228_632414463559285_416021225_n.jpg","965541535318664067_579600887"
"https://scontent.cdninstagram.com/hphotos-xfp1/t51.2885-15/s320x320/e15/10483375_1634956570059278_1603463184_n.jpg","959023238374448822_644397518"
"https://scontent.cdninstagram.com/hphotos-xpa1/t51.2885-15/s320x320/e15/11101982_1435662566727584_1713819614_n.jpg","958858011545592514_2463479"
"https://scontent.cdninstagram.com/hphotos-xft1/t51.2885-15/s320x320/e15/11024404_1571345069821250_590872532_n.jpg","955038220690956215_395478366"
"https://scontent.cdninstagram.com/hphotos-xap1/t51.2885-15/s320x320/e15/11055555_1397549703897897_57872619_n.jpg","954122300544032340_395478366"
"https://scontent.cdninstagram.com/hphotos-xpa1/t51.2885-15/s320x320/e15/10865207_1566616193621391_1914000582_n.jpg","947985367299429425_199857468"
"https://scontent.cdninstagram.com/hphotos-xpt1/t51.2885-15/s320x320/e15/10499102_469687359862152_1159364914_n.jpg","947273458367003887_21326982"
"https://scontent.cdninstagram.com/hphotos-xpf1/t51.2885-15/s320x320/e15/11018449_468837479931964_39641804_n.jpg","946560354124273405_1734690740"
"https://scontent.cdninstagram.com/hphotos-xfp1/t51.2885-15/s320x320/e15/11033005_496812470475671_1066192325_n.jpg","940012618394101124_1393554344"
"https://scontent.cdninstagram.com/hphotos-xfp1/t51.2885-15/s320x320/e15/11015628_1626787014206993_456817448_n.jpg","940006107824877866_370361627"
"https://scontent.cdninstagram.com/hphotos-xpt1/t51.2885-15/s320x320/e15/11033042_795003790591908_1358846571_n.jpg","936965360839112515_474547636"
"https://scontent.cdninstagram.com/hphotos-xpf1/t51.2885-15/s320x320/e15/10990660_1036517029699795_1385123404_n.jpg","930647996474632504_455739905"
"https://scontent.cdninstagram.com/hphotos-xfp1/t51.2885-15/s320x320/e15/10986363_346921015515684_1646057062_n.jpg","930508916986259684_455739905"
"https://scontent.cdninstagram.com/hphotos-xfp1/t51.2885-15/s320x320/e15/10986333_376958019158688_333524139_n.jpg","925425832599145391_507400689"
"https://scontent.cdninstagram.com/hphotos-xpf1/t51.2885-15/s320x320/e15/10963841_1539580452977471_1351187054_n.jpg","920313349526040075_1655435810"
"https://scontent.cdninstagram.com/hphotos-xpt1/t51.2885-15/s320x320/e15/10986032_619103981568341_944969639_n.jpg","919534348804274304_55364077"
"https://scontent.cdninstagram.com/hphotos-xpf1/t51.2885-15/s320x320/e15/10946215_1541038799498750_153128918_n.jpg","919123714066132661_1655435810"
"https://scontent.cdninstagram.com/hphotos-xpf1/t51.2885-15/s320x320/e15/10890665_1597838110432411_620731376_n.jpg","918172273510489984_395478366"
"https://scontent.cdninstagram.com/hphotos-xfp1/t51.2885-15/s320x320/e15/10919563_521119011361604_1082882250_n.jpg","900800643868698224_275813880"
"https://scontent.cdninstagram.com/hphotos-xpf1/t51.2885-15/s320x320/e15/10890671_1392368167731655_1467465580_n.jpg","898590295386039493_1650971608"
"https://scontent.cdninstagram.com/hphotos-xfp1/t51.2885-15/s320x320/e15/10848357_881156421941612_1267962317_n.jpg","886898358908550520_21326982"
"https://scontent.cdninstagram.com/hphotos-xpf1/t51.2885-15/s320x320/e15/10520335_305827172960636_1741238763_n.jpg","879076109614775818_21326982"
"https://scontent.cdninstagram.com/hphotos-xat1/t51.2885-15/s320x320/e15/10838850_752577301483532_429309700_n.jpg","878920459973088113_723945307"
"https://scontent.cdninstagram.com/hphotos-xpt1/t51.2885-15/s320x320/e15/10852742_338203066364740_345545170_n.jpg","878894787127227528_474547636"
"https://scontent.cdninstagram.com/hphotos-xtf1/t51.2885-15/s320x320/e15/10853143_1519976128258951_1489971779_n.jpg","874161633023349157_720557163"
"https://scontent.cdninstagram.com/hphotos-xpf1/t51.2885-15/s320x320/e15/1596955_385598348276303_1986557521_n.jpg","869777812191330687_270337959"
"https://scontent.cdninstagram.com/hphotos-xpa1/t51.2885-15/s320x320/e15/925960_683406068439769_1382158178_n.jpg","868991602581717278_270337959"
"https://scontent.cdninstagram.com/hphotos-xpa1/t51.2885-15/s320x320/e15/10848271_407039542785681_1564994175_n.jpg","868950243697093163_212375889"
"https://scontent.cdninstagram.com/hphotos-xaf1/t51.2885-15/s320x320/e15/10808448_767007123347041_1879076208_n.jpg","868322559602621524_44481182"
"https://scontent.cdninstagram.com/hphotos-xfa1/t51.2885-15/s320x320/e15/10817567_733439936753636_1079524305_n.jpg","867769352096134269_474547636"
"https://scontent.cdninstagram.com/hphotos-xfp1/t51.2885-15/s320x320/e15/10809591_1572781896290320_346633120_n.jpg","867633088493310382_723945307"
"https://scontent.cdninstagram.com/hphotos-xaf1/t51.2885-15/s320x320/e15/10817703_682963735155464_992050672_n.jpg","867375837940170859_270337959"
"https://scontent.cdninstagram.com/hphotos-xpa1/t51.2885-15/s320x320/e15/10483594_814709515257985_876152241_n.jpg","867371088436150888_270337959"
"https://scontent.cdninstagram.com/hphotos-xfp1/t51.2885-15/s320x320/e15/10808845_309809745891885_2002572942_n.jpg","866132018447925576_270337959"
"https://scontent.cdninstagram.com/hphotos-xap1/t51.2885-15/s320x320/e15/10808841_727341677313694_845086557_n.jpg","865229608875606560_270337959"
"https://scontent.cdninstagram.com/hphotos-xap1/t51.2885-15/s320x320/e15/10809675_1502123350072141_1941089643_n.jpg","865224851788284925_270337959"
"https://scontent.cdninstagram.com/hphotos-xpa1/t51.2885-15/s320x320/e15/10818065_310712162456242_283624074_n.jpg","863863579201126725_270337959"
"https://scontent.cdninstagram.com/hphotos-xfa1/t51.2885-15/s320x320/e15/10802872_1538607906378278_1967972306_n.jpg","863752971294228772_270337959"
"https://scontent.cdninstagram.com/hphotos-xpa1/t51.2885-15/s320x320/e15/10832222_364174077090154_1758458874_n.jpg","862950669229686551_21326982"
"https://scontent.cdninstagram.com/hphotos-xap1/t51.2885-15/s320x320/e15/10787871_1572740142958500_778953933_n.jpg","862499270558629914_270337959"
"https://scontent.cdninstagram.com/hphotos-xpf1/t51.2885-15/s320x320/e15/10817693_1511675165754756_1228614019_n.jpg","862423869874389761_270337959"
"https://scontent.cdninstagram.com/hphotos-xaf1/t51.2885-15/s320x320/e15/10808673_1555322331350209_1663590110_n.jpg","861659238281134993_270337959"
"https://scontent.cdninstagram.com/hphotos-xfp1/t51.2885-15/s320x320/e15/10787743_855596681159282_104552601_n.jpg","860962959961771803_1529934754"
"https://scontent.cdninstagram.com/hphotos-xpa1/t51.2885-15/s320x320/e15/10818101_744788738909157_1378653583_n.jpg","860587684062415993_48406906"
"https://scontent.cdninstagram.com/hphotos-xfa1/t51.2885-15/s320x320/e15/10808890_331365203717661_703743404_n.jpg","860462103105523335_1529934754"
"https://scontent.cdninstagram.com/hphotos-xpa1/t51.2885-15/s320x320/e15/10723763_829841670390646_1256273322_n.jpg","860458137005215007_1529934754"
"https://scontent.cdninstagram.com/hphotos-xap1/t51.2885-15/s320x320/e15/10723747_304608469732929_108608706_n.jpg","860179339494179139_270337959"
"https://scontent.cdninstagram.com/hphotos-xfa1/t51.2885-15/s320x320/e15/10787842_614947378615101_1253066122_n.jpg","857532657029385650_828775546"
"https://scontent.cdninstagram.com/hphotos-xap1/t51.2885-15/s320x320/e15/10818001_381753448650120_2041116489_n.jpg","856597225575845055_828775546"
"https://scontent.cdninstagram.com/hphotos-xap1/t51.2885-15/s320x320/e15/10731681_593372637458713_179189455_n.jpg","848813154491653465_644397518"
"https://scontent.cdninstagram.com/hphotos-xpf1/t51.2885-15/s320x320/e15/10802801_984459344904553_1893166244_n.jpg","845942210212864565_23744039"
"https://scontent.cdninstagram.com/hphotos-xap1/t51.2885-15/s320x320/e15/10755885_1496726263911319_253118771_n.jpg","844419051145854179_21326982"
"https://scontent.cdninstagram.com/hphotos-xfp1/t51.2885-15/s320x320/e15/10724143_305178676351744_1707016271_n.jpg","838527763566977973_2463479"
"https://scontent.cdninstagram.com/hphotos-xaf1/t51.2885-15/s320x320/e15/10724797_1576185565933589_676809312_n.jpg","837748676692322677_455739905"
"https://scontent.cdninstagram.com/hphotos-xfp1/t51.2885-15/s320x320/e15/10735555_1527235860851145_540752179_n.jpg","835456760978133880_241714915"
"https://scontent.cdninstagram.com/hphotos-xfp1/t51.2885-15/s320x320/e15/10731592_733011696734288_1177290268_n.jpg","833525574911437046_455739905"
"https://scontent.cdninstagram.com/hphotos-xaf1/t51.2885-15/s320x320/e15/10735458_514474678656199_554425060_n.jpg","833473330775650988_272977363"
"https://scontent.cdninstagram.com/hphotos-xfp1/t51.2885-15/s320x320/e15/10727559_1495630564054852_357458262_n.jpg","832903577519496978_1529678302"
"https://scontent.cdninstagram.com/hphotos-xpf1/t51.2885-15/s320x320/e15/1168747_1512094269030506_2032268100_n.jpg","832231048590708788_241714915"
"https://scontent.cdninstagram.com/hphotos-xap1/t51.2885-15/s320x320/e15/10724871_758348050868851_1883964427_n.jpg","832177878727818556_21905158"
"https://scontent.cdninstagram.com/hphotos-xpa1/t51.2885-15/s320x320/e15/10723970_636194726498259_191794663_n.jpg","831141034666265681_828775546"
"https://scontent.cdninstagram.com/hphotos-xpf1/t51.2885-15/s320x320/e15/1168802_774790182559650_658281518_n.jpg","822630855044448312_695743279"
"https://scontent.cdninstagram.com/hphotos-xpa1/t51.2885-15/s320x320/e15/10691636_531898520288213_439299655_n.jpg","821221492363879537_1393554344"
"https://scontent.cdninstagram.com/hphotos-xpf1/t51.2885-15/s320x320/e15/10632317_1484116301845814_2041044016_n.jpg","814844164019139990_474547636"
"https://scontent.cdninstagram.com/hphotos-xfa1/t51.2885-15/s320x320/e15/10691864_1484164931851681_967645555_n.jpg","814638945932726502_723945307"
"https://scontent.cdninstagram.com/hphotos-xfa1/t51.2885-15/s320x320/e15/10693522_624209534343959_2071255560_n.jpg","814562738046200059_174280217"
"https://scontent.cdninstagram.com/hphotos-xap1/t51.2885-15/s320x320/e15/914805_1473282976258835_667753378_n.jpg","808769865752445880_1450953519"
"https://scontent.cdninstagram.com/hphotos-xap1/t51.2885-15/s320x320/e15/10665508_315517138630428_89101515_n.jpg","808647761461029804_455739905"
"https://scontent.cdninstagram.com/hphotos-xap1/t51.2885-15/s320x320/e15/10666200_1475161849416630_1780059580_n.jpg","808207931105650740_219033369"
"https://scontent.cdninstagram.com/hphotos-xfp1/t51.2885-15/s320x320/e15/10654917_696119377131035_165771091_n.jpg","808206519453919248_219033369"
"https://scontent.cdninstagram.com/hphotos-xaf1/t51.2885-15/s320x320/e15/10666083_765692546821844_216569341_n.jpg","808002037480205192_455739905"
"https://scontent.cdninstagram.com/hphotos-xfp1/t51.2885-15/s320x320/e15/10643889_702985436436701_1340829875_n.jpg","803068826463031561_723945307"
"https://scontent.cdninstagram.com/hphotos-xfp1/t51.2885-15/s320x320/e15/10654929_626072414165356_833325528_n.jpg","801008966592036706_21326982"
"https://scontent.cdninstagram.com/hphotos-xfp1/t51.2885-15/s320x320/e15/10665409_1524725211072792_1065092843_n.jpg","799912534843795049_4669040"
"https://scontent.cdninstagram.com/hphotos-xaf1/t51.2885-15/s320x320/e15/10607892_820167448017904_310417416_n.jpg","798102913513119665_644397518"
"https://scontent.cdninstagram.com/hphotos-xfp1/t51.2885-15/s320x320/e15/10607995_609170259200309_1289164895_n.jpg","796417779199955536_723945307"
"https://scontent.cdninstagram.com/hphotos-xap1/t51.2885-15/s320x320/e15/10598421_1532377850327630_1528813440_n.jpg","795655065705577734_21326982"
"https://scontent.cdninstagram.com/hphotos-xaf1/t51.2885-15/s320x320/e15/10632523_464357677038171_258468817_n.jpg","795169998501837281_404734093"
"https://scontent.cdninstagram.com/hphotos-xap1/t51.2885-15/s320x320/e15/10623716_274313999429295_409468134_n.jpg","791459714924380677_431316631"
"https://scontent.cdninstagram.com/hphotos-xfa1/t51.2885-15/s320x320/e15/10576172_269339193275733_2021990393_n.jpg","788334873021963551_1151430438"
"https://scontent.cdninstagram.com/hphotos-xaf1/t51.2885-15/s320x320/e15/10601904_834265066597218_6647184_n.jpg","787494795487786342_319320300"
"https://scontent.cdninstagram.com/hphotos-xfp1/t51.2885-15/s320x320/e15/10570224_812028125498790_1027542123_n.jpg","782588977059806526_233809686"
"https://scontent.cdninstagram.com/hphotos-xaf1/t51.2885-15/s320x320/e15/10598208_693996943986691_937203501_n.jpg","781885732603641004_233809686"
"https://scontent.cdninstagram.com/hphotos-xpf1/t51.2885-15/s320x320/e15/10535003_763261580405250_1098229517_n.jpg","774623212926274324_14583969"
"https://scontent.cdninstagram.com/hphotos-xfa1/t51.2885-15/s320x320/e15/10251502_656215237782348_839032270_n.jpg","726216200781079873_446343112"
"https://scontent.cdninstagram.com/hphotos-xfp1/t51.2885-15/s320x320/e15/10299913_692823950781400_2144139100_n.jpg","709743480532254736_1039495"
"https://scontent.cdninstagram.com/hphotos-ash/t51.2885-15/s320x320/e15/1168784_660233557382339_916407163_n.jpg","709571801686433473_644397518"
"https://scontent.cdninstagram.com/hphotos-xfp1/t51.2885-15/s320x320/e15/10261195_256879731158822_62357542_n.jpg","700942454159269510_644397518"
"https://scontent.cdninstagram.com/hphotos-xaf1/t51.2885-15/s320x320/e15/917860_836480656365853_886464504_n.jpg","697932057192212522_455739905"
"https://scontent.cdninstagram.com/hphotos-xfp1/t51.2885-15/s320x320/e15/916464_239338459602561_1136210383_n.jpg","697816517712833918_200362842"
"https://scontent.cdninstagram.com/hphotos-xaf1/t51.2885-15/s320x320/e15/11326708_660390314104345_1741410158_n.jpg","682842044122160069_44376685"
"https://scontent.cdninstagram.com/hphotos-xfa1/t51.2885-15/s320x320/e15/11378417_1405232049804271_1146242521_n.jpg","679775440165862578_21326982"
"https://scontent.cdninstagram.com/hphotos-xaf1/t51.2885-15/s320x320/e15/11373579_1622623107950648_969044177_n.jpg","679129613845282871_262848215"
"https://scontent.cdninstagram.com/hphotos-xaf1/t51.2885-15/s320x320/e15/11374099_1600326713567276_2138997565_n.jpg","676712737552519233_241714915"
"https://scontent.cdninstagram.com/hphotos-xaf1/t51.2885-15/s320x320/e15/11333391_1440782392892916_618184436_n.jpg","676697458676126501_241714915"
"https://scontent.cdninstagram.com/hphotos-xaf1/t51.2885-15/s320x320/e15/11372197_1399277273735119_1549040910_n.jpg","676693827407106775_241714915"
"https://scontent.cdninstagram.com/hphotos-xaf1/t51.2885-15/s320x320/e15/11274369_852021081556823_1359086175_n.jpg","676681808855486932_241714915"
"https://scontent.cdninstagram.com/hphotos-xaf1/t51.2885-15/s320x320/e15/11357895_388071961398951_1139593326_n.jpg","670845882015462770_987571068"
"https://scontent.cdninstagram.com/hphotos-xtp1/t51.2885-15/s320x320/e15/1971573_704142472950916_346606092_n.jpg","660184258440002633_21326982"
"https://scontent.cdninstagram.com/hphotos-xpa1/t51.2885-15/s320x320/e15/1889234_637895299592126_2140129312_n.jpg","660141159196649220_1051030504"
"https://scontent.cdninstagram.com/hphotos-xpa1/t51.2885-15/s320x320/e15/1599434_276990205785968_920136461_n.jpg","647986163279682612_644397518"
"https://scontent.cdninstagram.com/hphotos-xpf1/t51.2885-15/s320x320/e15/1530617_624537880926575_65458817_n.jpg","614675807696004432_4669040"
"https://scontent.cdninstagram.com/hphotos-xfa1/t51.2885-15/s320x320/e15/11325806_1603270056619560_127130630_n.jpg","610024136913687743_28117532"
"https://scontent.cdninstagram.com/hphotos-xpf1/t51.2885-15/s320x320/e15/1171622_557319367680933_2079742034_n.jpg","599853547412836856_241714915"
"https://scontent.cdninstagram.com/hphotos-xfa1/t51.2885-15/s320x320/e15/1388914_1433095436918719_1724924583_n.jpg","594799268133283232_4669040"
"https://scontent.cdninstagram.com/hphotos-xpa1/t51.2885-15/s320x320/e15/1391198_1432481410301088_975873352_n.jpg","593618377269275640_612464569"
"https://scontent.cdninstagram.com/hphotos-xpf1/t51.2885-15/s320x320/e15/929003_410660592395623_1607730156_n.jpg","588903371490257037_184778385"
"https://scontent.cdninstagram.com/hphotos-xtp1/t51.2885-15/s320x320/e15/1169773_554872341246686_792173635_n.jpg","580504372829120459_216230664"
"https://scontent.cdninstagram.com/hphotos-xaf1/t51.2885-15/s320x320/e15/11356486_880189425353292_142770272_n.jpg","570856087415982648_224519897"
"https://scontent.cdninstagram.com/hphotos-xaf1/t51.2885-15/s320x320/e15/11379090_690996041007115_49565937_n.jpg","565338909202888470_257924012"
"https://scontent.cdninstagram.com/hphotos-xfa1/t51.2885-15/s320x320/e15/11357765_1615589295325466_1583578934_n.jpg","545487793280551758_224519897"
"https://scontent.cdninstagram.com/hphotos-xaf1/t51.2885-15/s320x320/e15/11257968_1665725653658299_426023513_n.jpg","525055496539109457_31641309"
"https://scontent.cdninstagram.com/hphotos-xaf1/t51.2885-15/s320x320/e15/11327356_429977637174546_2049425538_n.jpg","523269047884678189_36577016"
"https://scontent.cdninstagram.com/hphotos-xfa1/t51.2885-15/s320x320/e15/11349449_484684558350611_1108422371_n.jpg","518143298320266782_270227108"
"https://scontent.cdninstagram.com/hphotos-xfa1/t51.2885-15/s320x320/e15/11325935_815279968547657_2067675189_n.jpg","506087099793901124_36577016"
"https://scontent.cdninstagram.com/hphotos-xaf1/t51.2885-15/s320x320/e15/11325001_839236792822096_1877230313_n.jpg","491692803530723139_43066058"
"https://scontent.cdninstagram.com/hphotos-xfa1/t51.2885-15/s320x320/e15/11327054_956485714395730_235242539_n.jpg","465209294312595964_2463479"
"https://scontent.cdninstagram.com/hphotos-xaf1/t51.2885-15/s320x320/e15/11296662_1423187024669373_1048158174_n.jpg","457127432294722492_174280217"
"https://scontent.cdninstagram.com/hphotos-xaf1/t51.2885-15/s320x320/e15/11296734_437575826424373_882020579_n.jpg","456659786653917880_2463479"
"https://scontent.cdninstagram.com/hphotos-xaf1/t51.2885-15/s320x320/e15/11348163_665052546961863_886106226_n.jpg","456659308738142888_2463479"
"https://scontent.cdninstagram.com/hphotos-xaf1/t51.2885-15/s320x320/e15/11288211_456484611181595_2113448496_n.jpg","456482343267754415_2463479"
"https://scontent.cdninstagram.com/hphotos-xaf1/t51.2885-15/s320x320/e15/11326033_844918142253511_1482550235_n.jpg","455855592528112402_174280217"
"https://scontent.cdninstagram.com/hphotos-xfa1/t51.2885-15/s320x320/e15/11335772_1633803946855367_1217590257_n.jpg","455809435549721260_2463479"
"https://scontent.cdninstagram.com/hphotos-xaf1/t51.2885-15/s320x320/e15/11296653_680069988791700_432196887_n.jpg","455706908707677146_2463479"
"https://scontent.cdninstagram.com/hphotos-xaf1/t51.2885-15/s320x320/e15/11337174_1661131490773688_1058332454_n.jpg","455694603408270080_2463479"
"https://scontent.cdninstagram.com/hphotos-xfa1/t51.2885-15/s320x320/e15/11337233_1444531862528340_825329163_n.jpg","455045762707251453_2463479"
"https://scontent.cdninstagram.com/hphotos-xaf1/t51.2885-15/s320x320/e15/11241711_371143213086678_1239849054_n.jpg","454934471704274996_174280217"
"https://scontent.cdninstagram.com/hphotos-xfa1/t51.2885-15/s320x320/e15/11326100_1394699060858902_1722088978_n.jpg","454927516108743208_2463479"
"https://scontent.cdninstagram.com/hphotos-xfa1/t51.2885-15/s320x320/e15/11257946_1639844962915853_776935124_n.jpg","401437674759743558_174280217"
"https://scontent.cdninstagram.com/hphotos-xaf1/t51.2885-15/s320x320/e15/11248111_1599894796920741_35194806_n.jpg","374192505268816422_20037641"
"https://scontent.cdninstagram.com/hphotos-xfa1/t51.2885-15/s320x320/e15/11258039_422112907968887_1100221326_n.jpg","348639001160411666_174280217"
