"imagem_name","like","time"
"1058255370354360031_21326982.jpg","59","1440373892"
"1051054905440754668_253973733.jpg","12","1439515530"
"1044996952936635675_644397518.jpg","21","1438793366"
"1037372153136663670_25296522.jpg","39","1437884419"
"1034808867397524564_644397518.jpg","31","1437578851"
"1032620173839760459_21326982.jpg","19","1437317938"
"1032190720622419802_644397518.jpg","26","1437266744"
"1026540804667926506_2104932872.jpg","3","1436593221"
"1025747721609078459_2104932872.jpg","8","1436498678"
"1023171112550566540_540080289.jpg","9","1436191523"
"1023160047129364829_540080289.jpg","9","1436190203"
"1019867785318547604_1186979527.jpg","12","1435797735"
"1017594462633706625_1618788056.jpg","14","1435526734"
"1013070490030692377_365488445.jpg","18","1434987435"
"1000140342273137617_253973733.jpg","14","1433446041"
"980707798174742341_474547636.jpg","17","1431129501"
"974819552656693388_535553397.jpg","148","1430427568"
"974812798863127917_572958948.jpg","33","1430426762"
"974201337808152275_1393554344.jpg","80","1430353871"
"965541535318664067_579600887.jpg","6","1429321542"
"959023238374448822_644397518.jpg","35","1428544500"
"958858011545592514_2463479.jpg","14","1428524804"
"955038220690956215_395478366.jpg","11","1428069449"
"954122300544032340_395478366.jpg","12","1427960263"
"947985367299429425_199857468.jpg","16","1427228683"
"947273458367003887_21326982.jpg","41","1427143817"
"946560354124273405_1734690740.jpg","23","1427058809"
"940012618394101124_1393554344.jpg","69","1426278258"
"940006107824877866_370361627.jpg","21","1426277481"
"936965360839112515_474547636.jpg","11","1425914996"
"930647996474632504_455739905.jpg","16","1425161908"
"930508916986259684_455739905.jpg","25","1425145328"
"925425832599145391_507400689.jpg","7","1424539377"
"920313349526040075_1655435810.jpg","6","1423929922"
"919534348804274304_55364077.jpg","18","1423837058"
"919123714066132661_1655435810.jpg","7","1423788106"
"918172273510489984_395478366.jpg","7","1423674686"
"900800643868698224_275813880.jpg","31","1421603826"
"898590295386039493_1650971608.jpg","27","1421340332"
"886898358908550520_21326982.jpg","13","1419946544"
"879076109614775818_21326982.jpg","14","1419014060"
"878920459973088113_723945307.jpg","22","1418995505"
"878894787127227528_474547636.jpg","11","1418992444"
"874161633023349157_720557163.jpg","11","1418428208"
"869777812191330687_270337959.jpg","5","1417905616"
"868991602581717278_270337959.jpg","10","1417811893"
"868950243697093163_212375889.jpg","18","1417806962"
"868322559602621524_44481182.jpg","5","1417732137"
"867769352096134269_474547636.jpg","12","1417666189"
"867633088493310382_723945307.jpg","17","1417649945"
"867375837940170859_270337959.jpg","14","1417619279"
"867371088436150888_270337959.jpg","8","1417618712"
"866132018447925576_270337959.jpg","15","1417471004"
"865229608875606560_270337959.jpg","11","1417363428"
"865224851788284925_270337959.jpg","8","1417362861"
"863863579201126725_270337959.jpg","12","1417200585"
"863752971294228772_270337959.jpg","10","1417187399"
"862950669229686551_21326982.jpg","16","1417091757"
"862499270558629914_270337959.jpg","10","1417037946"
"862423869874389761_270337959.jpg","6","1417028958"
"861659238281134993_270337959.jpg","10","1416937807"
"860962959961771803_1529934754.jpg","1","1416854804"
"860587684062415993_48406906.jpg","3","1416810068"
"860462103105523335_1529934754.jpg","1","1416795097"
"860458137005215007_1529934754.jpg","5","1416794624"
"860410752993709448_48406906.jpg","4","1416788976"
"860179339494179139_270337959.jpg","8","1416761389"
"857532657029385650_828775546.jpg","22","1416445880"
"856597225575845055_828775546.jpg","23","1416334368"
"848813154491653465_644397518.jpg","33","1415406434"
"845942210212864565_23744039.jpg","5","1415064191"
"844419051145854179_21326982.jpg","26","1414882616"
"838527763566977973_2463479.jpg","7","1414180320"
"837748676692322677_455739905.jpg","14","1414087446"
"835456760978133880_241714915.jpg","69","1413814228"
"833525574911437046_455739905.jpg","16","1413584013"
"833473330775650988_272977363.jpg","58","1413577785"
"832903577519496978_1529678302.jpg","13","1413509865"
"832231048590708788_241714915.jpg","22","1413429693"
"832177878727818556_21905158.jpg","7","1413423355"
"831141034666265681_828775546.jpg","27","1413299753"
"822630855044448312_695743279.jpg","18","1412285261"
"821221492363879537_1393554344.jpg","88","1412117252"
"814844164019139990_474547636.jpg","6","1411357015"
"814638945932726502_723945307.jpg","10","1411332551"
"814562738046200059_174280217.jpg","27","1411323467"
"808769865752445880_1450953519.jpg","52","1410632902"
"808647761461029804_455739905.jpg","21","1410618346"
"808207931105650740_219033369.jpg","6","1410565914"
"808206519453919248_219033369.jpg","8","1410565746"
"808002037480205192_455739905.jpg","21","1410541370"
"803068826463031561_723945307.jpg","9","1409953285"
"801008966592036706_21326982.jpg","22","1409707731"
"799912534843795049_4669040.jpg","16","1409577026"
"798102913513119665_644397518.jpg","20","1409361303"
"796417779199955536_723945307.jpg","5","1409160419"
"795655065705577734_21326982.jpg","16","1409069496"
"795169998501837281_404734093.jpg","3","1409011672"
"791459714924380677_431316631.jpg","10","1408569372"
"788334873021963551_1151430438.jpg","8","1408196861"
"787494795487786342_319320300.jpg","11","1408096716"
"782588977059806526_233809686.jpg","11","1407511897"
"781885732603641004_233809686.jpg","25","1407428064"
"774623212926274324_14583969.jpg","21","1406562304"
"726216200781079873_446343112.jpg","14","1400791739"
"709743480532254736_1039495.jpg","33","1398828037"
"709571801686433473_644397518.jpg","25","1398807572"
"700942454159269510_644397518.jpg","19","1397778873"
"697932057192212522_455739905.jpg","11","1397420006"
"697816517712833918_200362842.jpg","20","1397406233"
"682842044122160069_44376685.jpg","5","1395621136"
"679775440165862578_21326982.jpg","12","1395255568"
"679129613845282871_262848215.jpg","3","1395178580"
"676712737552519233_241714915.jpg","51","1394890466"
"676697458676126501_241714915.jpg","75","1394888645"
"676693827407106775_241714915.jpg","70","1394888212"
"676681808855486932_241714915.jpg","56","1394886779"
"670845882015462770_987571068.jpg","3","1394191082"
"660184258440002633_21326982.jpg","12","1392920118"
"660141159196649220_1051030504.jpg","15","1392914980"
"647986163279682612_644397518.jpg","9","1391465991"
"614675807696004432_4669040.jpg","5","1387495088"
"610024136913687743_28117532.jpg","14","1386940565"
"599853547412836856_241714915.jpg","25","1385728136"
"594799268133283232_4669040.jpg","9","1385125619"
"593618377269275640_612464569.jpg","6","1384984846"
"588903371490257037_184778385.jpg","35","1384422774"
"580504372829120459_216230664.jpg","16","1383421535"
"570856087415982648_224519897.jpg","14","1382271370"
"565338909202888470_257924012.jpg","9","1381613671"
"564822482952193550_31820320.jpg","13","1381552108"
"545487793280551758_224519897.jpg","15","1379247234"
"525055496539109457_31641309.jpg","141","1376811514"
"523269047884678189_36577016.jpg","9","1376598553"
"518143298320266782_270227108.jpg","2","1375987516"
"506087099793901124_36577016.jpg","7","1374550305"
"491692803530723139_43066058.jpg","3","1372834371"
"465209294312595964_2463479.jpg","6","1369677291"
"457127432294722492_174280217.jpg","2","1368713858"
"456659786653917880_2463479.jpg","6","1368658110"
"456659308738142888_2463479.jpg","2","1368658053"
"456482343267754415_2463479.jpg","6","1368636957"
"455855592528112402_174280217.jpg","8","1368562243"
"455809435549721260_2463479.jpg","1","1368556740"
"455706908707677146_2463479.jpg","2","1368544518"
"455694603408270080_2463479.jpg","2","1368543051"
"455045762707251453_2463479.jpg","5","1368465703"
"454934471704274996_174280217.jpg","11","1368452436"
"454927516108743208_2463479.jpg","4","1368451607"
"401437674759743558_174280217.jpg","13","1362075121"
"374192505268816422_20037641.jpg","50","1358827244"
"348639001160411666_174280217.jpg","9","1355781029"
